Transaction date,industry,segment,geo_type,geo_name,nation_name,boundary_name,Transaction Amount,Transaction Count,Account Count,Average Ticket,Average Frequency,Average Spend Amount,Year-on-Year Transaction Amount,Year-on-Year Transaction Count
1/1/2023,Total Retail,Overall,Msa,Edmonton,Canada,Central Business,97.14,81.96,79.03,51.1,104.39,53.36,55.16,123.04
1/2/2023,Total Retail,Overall,Msa,Edmonton,Canada,Central Business,95.19,67.31,66.23,62.16,102.31,65.73,144.74,54.02
1/3/2023,Total Retail,Overall,Msa,Edmonton,Canada,Central Business,135.39,144.58,144.45,51.62,100.92,52.07,229.49,248.56
1/4/2023,Total Retail,Overall,Msa,Edmonton,Canada,Central Business,108.01,133.46,134.81,41.99,101.02,43.52,140.57,146.5
1/5/2023,Total Retail,Overall,Msa,Edmonton,Canada,Central Business,164.41,166.41,166.72,49.21,101.48,50.53,160.26,192.28
1/6/2023,Total Retail,Overall,Msa,Edmonton,Canada,Central Business,166.61,159.2,159.87,49.23,100.81,49.83,175.66,167.98
1/7/2023,Total Retail,Overall,Msa,Edmonton,Canada,Central Business,167.62,139.06,137.15,51.87,101.9,52.93,136.02,106.42
1/8/2023,Total Retail,Overall,Msa,Edmonton,Canada,Central Business,108.27,89.9,87.36,48.45,104.19,51.59,47.98,48.92
1/9/2023,Total Retail,Overall,Msa,Edmonton,Canada,Central Business,79.02,114.74,116.91,41.1,99.75,41.42,164.33,232.24
1/10/2023,Total Retail,Overall,Msa,Edmonton,Canada,Central Business,93.66,135.51,139.17,36.45,99.15,36.25,98.29,138.51
1/11/2023,Total Retail,Overall,Msa,Edmonton,Canada,Central Business,95.77,142.33,144.61,35.12,100.51,35.67,33.6,118.8
1/12/2023,Total Retail,Overall,Msa,Edmonton,Canada,Central Business,111.17,146.3,149.64,44.79,99.8,45.53,97.01,115.92
1/13/2023,Total Retail,Overall,Msa,Edmonton,Canada,Central Business,135.8,149.37,151.02,43.76,100.62,44.38,173.64,142.62
1/14/2023,Total Retail,Overall,Msa,Edmonton,Canada,Central Business,141.21,124.35,122.83,54.72,103.13,56.31,55.18,40.35
1/15/2023,Total Retail,Overall,Msa,Edmonton,Canada,Central Business,84.49,80.73,78.24,46.29,103.55,48.56,-20.04,-14.71
1/16/2023,Total Retail,Overall,Msa,Edmonton,Canada,Central Business,80.07,121.96,124.32,37.57,99.89,38.02,88.39,167.54
1/17/2023,Total Retail,Overall,Msa,Edmonton,Canada,Central Business,140.49,179.92,181.6,39.62,100.66,39.96,205.42,249.38
1/18/2023,Total Retail,Overall,Msa,Edmonton,Canada,Central Business,118.64,156.03,158.28,39.89,100.45,40.4,118.37,164.58
1/19/2023,Total Retail,Overall,Msa,Edmonton,Canada,Central Business,175.13,191.66,192.09,51.98,101.69,53.54,292.68,202.2
1/20/2023,Total Retail,Overall,Msa,Edmonton,Canada,Central Business,171.83,167.67,169.41,49.13,101.23,50.67,83.53,103.41
1/21/2023,Total Retail,Overall,Msa,Edmonton,Canada,Central Business,144.2,132,130.69,49.36,102.85,50.94,20.08,39.41
1/22/2023,Total Retail,Overall,Msa,Edmonton,Canada,Central Business,96.43,83.24,81.09,46.23,103.81,48.03,-14.55,-14.02
1/23/2023,Total Retail,Overall,Msa,Edmonton,Canada,Central Business,111.58,122.14,124.43,45.71,99.75,45.82,190.45,182.59
1/24/2023,Total Retail,Overall,Msa,Edmonton,Canada,Central Business,104.89,151.71,153.77,37.83,100.14,38.08,48.76,142.97
1/25/2023,Total Retail,Overall,Msa,Edmonton,Canada,Central Business,185.65,192.85,193.49,50.6,101.59,51.66,208.3,175.26
1/26/2023,Total Retail,Overall,Msa,Edmonton,Canada,Central Business,158.29,170.21,171.69,51.29,101.07,53.12,76.19,121.19
1/27/2023,Total Retail,Overall,Msa,Edmonton,Canada,Central Business,148.71,161.36,163.47,43.8,100.74,44.43,52.69,84.02
1/28/2023,Total Retail,Overall,Msa,Edmonton,Canada,Central Business,181.31,144.64,142.64,55.4,102.95,56.99,45.02,44.58
1/29/2023,Total Retail,Overall,Msa,Edmonton,Canada,Central Business,127.81,93.73,92.68,53.14,102.16,54.85,15.34,4.53
1/30/2023,Total Retail,Overall,Msa,Edmonton,Canada,Central Business,97.79,127.27,129.36,46.11,99.64,46.14,91.13,153.08
1/31/2023,Total Retail,Overall,Msa,Edmonton,Canada,Central Business,118.1,146.05,148.9,42.36,100.17,42.97,150.06,186.79
2/1/2023,Total Retail,Overall,Msa,Edmonton,Canada,Central Business,103.64,131.63,133.96,43.4,99.79,43.58,107.05,106.3
2/2/2023,Total Retail,Overall,Msa,Edmonton,Canada,Central Business,124.63,146,148.45,43.99,100.44,44.21,71.71,104.28
2/3/2023,Total Retail,Overall,Msa,Edmonton,Canada,Central Business,140.93,161.17,161.86,45.09,101.21,45.83,112.59,132.69
2/4/2023,Total Retail,Overall,Msa,Edmonton,Canada,Central Business,153.09,132.63,129.69,53.76,104.23,56.4,61.58,38.96
2/5/2023,Total Retail,Overall,Msa,Edmonton,Canada,Central Business,97.23,84.09,82.38,51.87,103.22,53.71,4.76,2.08
2/6/2023,Total Retail,Overall,Msa,Edmonton,Canada,Central Business,90.12,118.79,120.32,42.32,100.81,43.58,46.41,127
2/7/2023,Total Retail,Overall,Msa,Edmonton,Canada,Central Business,114.47,153.62,155.39,38.96,100.37,39.41,161.71,135.47
2/8/2023,Total Retail,Overall,Msa,Edmonton,Canada,Central Business,145.11,167.81,169.19,43.21,100.49,43.98,65.51,68.26
2/9/2023,Total Retail,Overall,Msa,Edmonton,Canada,Central Business,128.44,168.77,170.77,40.94,100.72,41.52,50.31,59.12
2/10/2023,Total Retail,Overall,Msa,Edmonton,Canada,Central Business,196.9,184.07,186.54,64.13,100.42,64.58,115.8,97.33
2/11/2023,Total Retail,Overall,Msa,Edmonton,Canada,Central Business,176.09,147.54,146.26,54.23,102.61,55.64,25.15,15.78
2/12/2023,Total Retail,Overall,Msa,Edmonton,Canada,Central Business,109.48,88.38,86.6,48.11,102.67,49.86,-19.26,-16.71
2/13/2023,Total Retail,Overall,Msa,Edmonton,Canada,Central Business,86.41,118.09,121.33,37.23,99.21,37.15,39.38,88.68
2/14/2023,Total Retail,Overall,Msa,Edmonton,Canada,Central Business,126.33,156.55,160.34,38.6,99.24,38.46,23.34,68.97
2/15/2023,Total Retail,Overall,Msa,Edmonton,Canada,Central Business,166.24,188.85,191.69,40.72,99.88,40.72,141.15,135.58
2/16/2023,Total Retail,Overall,Msa,Edmonton,Canada,Central Business,161.88,182.35,184.84,45.36,100.64,46.34,83.65,118.86
2/17/2023,Total Retail,Overall,Msa,Edmonton,Canada,Central Business,213.98,208.04,206.09,47.9,102.81,49.24,131.22,84.78
2/18/2023,Total Retail,Overall,Msa,Edmonton,Canada,Central Business,217.65,156.5,155.69,63.9,101.59,64.71,65.9,40.18
2/19/2023,Total Retail,Overall,Msa,Edmonton,Canada,Central Business,140.37,104.02,101.95,53.5,102.97,55.32,13,1.36
2/20/2023,Total Retail,Overall,Msa,Edmonton,Canada,Central Business,97.67,88.53,86.76,45.57,102.46,46.74,-4.89,-7.88
2/21/2023,Total Retail,Overall,Msa,Edmonton,Canada,Central Business,147.36,160.86,160.7,46.56,101.58,47.57,99.15,147.2
2/22/2023,Total Retail,Overall,Msa,Edmonton,Canada,Central Business,135.16,150.44,152.91,45.37,100.94,46.54,62.72,85.44
2/23/2023,Total Retail,Overall,Msa,Edmonton,Canada,Central Business,121.06,136.74,138.62,44.89,100.78,45.71,41.06,65.96
2/24/2023,Total Retail,Overall,Msa,Edmonton,Canada,Central Business,190.48,156.27,158.47,60.64,100.46,61.25,129.18,72.12
2/25/2023,Total Retail,Overall,Msa,Edmonton,Canada,Central Business,150.4,133.12,131.59,50.01,102.84,51.38,30.38,15.85
2/26/2023,Total Retail,Overall,Msa,Edmonton,Canada,Central Business,118.43,102.26,98.19,47.12,104.79,49.3,-2.36,-2.29
2/27/2023,Total Retail,Overall,Msa,Edmonton,Canada,Central Business,156.92,165.12,166.05,48.57,101.32,50.04,108.01,195.32
2/28/2023,Total Retail,Overall,Msa,Edmonton,Canada,Central Business,177.97,170.42,172.86,51.73,100.75,53.37,203.04,156.1
3/1/2023,Total Retail,Overall,Msa,Edmonton,Canada,Central Business,192.59,183.91,184.49,53.21,101.55,54.49,157.32,109.17
3/2/2023,Total Retail,Overall,Msa,Edmonton,Canada,Central Business,184.76,199.85,198.47,43.01,102.53,45.2,139.19,114.3
3/3/2023,Total Retail,Overall,Msa,Edmonton,Canada,Central Business,245.52,222.89,221.54,49.81,102.21,51.25,172.78,130.72
3/4/2023,Total Retail,Overall,Msa,Edmonton,Canada,Central Business,205.38,143.64,140.92,69.21,103.8,72.09,72.34,17.19
3/5/2023,Total Retail,Overall,Msa,Edmonton,Canada,Central Business,118.56,88.87,86.66,52.53,103.66,55.35,-6.84,-22.82
3/6/2023,Total Retail,Overall,Msa,Edmonton,Canada,Central Business,97.2,118.81,120.57,44.53,99.9,44.91,67.82,97.76
3/7/2023,Total Retail,Overall,Msa,Edmonton,Canada,Central Business,109.33,140.14,142.1,42.07,100.79,42.72,34.18,77.99
3/8/2023,Total Retail,Overall,Msa,Edmonton,Canada,Central Business,132.6,153.68,155.88,44.55,100.69,46.51,63.49,59.54
3/9/2023,Total Retail,Overall,Msa,Edmonton,Canada,Central Business,139.01,157.86,158.6,46.58,102.51,48.29,15.76,25.73
3/10/2023,Total Retail,Overall,Msa,Edmonton,Canada,Central Business,179.21,164,167.05,51.26,99.87,51.46,55.64,50.15
3/11/2023,Total Retail,Overall,Msa,Edmonton,Canada,Central Business,160.44,137.42,135.73,54.94,103.04,56.92,4.09,6.92
3/12/2023,Total Retail,Overall,Msa,Edmonton,Canada,Central Business,99.61,90.18,88.52,47.5,102.89,49.39,-35.53,-29.91
3/13/2023,Total Retail,Overall,Msa,Edmonton,Canada,Central Business,142.21,140.31,142.66,57.66,99.82,57.97,88.53,105.32
3/14/2023,Total Retail,Overall,Msa,Edmonton,Canada,Central Business,173.84,185.81,186.44,46.09,101.54,47.46,94.23,113.93
3/15/2023,Total Retail,Overall,Msa,Edmonton,Canada,Central Business,159.71,166.67,169.47,47.71,100.26,48.27,25.82,26.03
3/16/2023,Total Retail,Overall,Msa,Edmonton,Canada,Central Business,199.49,195.44,196.13,51.35,101.67,53.28,46.4,59.07
3/17/2023,Total Retail,Overall,Msa,Edmonton,Canada,Central Business,185.95,174.92,176.78,48.29,101.09,48.82,45.73,23.52
3/18/2023,Total Retail,Overall,Msa,Edmonton,Canada,Central Business,171.52,145.1,141.86,55.7,103.66,57.36,1.33,-3.68
3/19/2023,Total Retail,Overall,Msa,Edmonton,Canada,Central Business,131.81,104.42,102.84,48.89,102.67,50.91,-1,-15.24
3/20/2023,Total Retail,Overall,Msa,Edmonton,Canada,Central Business,142.75,162.39,161.66,47.41,101.5,48.06,101.44,160.3
3/21/2023,Total Retail,Overall,Msa,Edmonton,Canada,Central Business,159.61,171.67,174.63,45.57,100.37,46.28,89.92,91.26
3/22/2023,Total Retail,Overall,Msa,Edmonton,Canada,Central Business,190.46,200.81,203.54,42.9,100.22,43.09,106.81,77.68
3/23/2023,Total Retail,Overall,Msa,Edmonton,Canada,Central Business,170.3,172.43,175.57,50.95,100.41,52.13,38.41,47.38
3/24/2023,Total Retail,Overall,Msa,Edmonton,Canada,Central Business,208.43,179.44,183.11,54.17,99.87,54.3,59.03,32.49
3/25/2023,Total Retail,Overall,Msa,Edmonton,Canada,Central Business,206.99,165.01,159.49,58.43,104.9,61.18,27.49,15.45
3/26/2023,Total Retail,Overall,Msa,Edmonton,Canada,Central Business,143.17,115.27,112.91,45.49,103.12,47.31,-2.22,-0.61
3/27/2023,Total Retail,Overall,Msa,Edmonton,Canada,Central Business,98.74,131.09,132.45,41.93,101.12,43.17,36.8,76.46
3/28/2023,Total Retail,Overall,Msa,Edmonton,Canada,Central Business,131.74,151.21,154.04,48.14,100.44,49.46,28.56,30.21
3/29/2023,Total Retail,Overall,Msa,Edmonton,Canada,Central Business,119.98,152.63,154.92,39.87,100.66,40.65,28.31,32.63
3/30/2023,Total Retail,Overall,Msa,Edmonton,Canada,Central Business,191.55,192.12,192.03,49.86,101.74,51.66,18.9,35.66
3/31/2023,Total Retail,Overall,Msa,Edmonton,Canada,Central Business,163.69,163.92,166.24,47.01,100.96,48.07,48.89,23.95
1/1/2023,Total Retail,Overall,Msa,Edmonton,Canada,Quarters,11.04,15.9,16.62,27.98,99.8,27.14,-32.35,-26.91
1/2/2023,Total Retail,Overall,Msa,Edmonton,Canada,Quarters,15.11,19.07,17.66,39.8,106.52,40.92,-1.91,-29.28
1/3/2023,Total Retail,Overall,Msa,Edmonton,Canada,Quarters,32.19,30.53,29.28,41.04,107.54,43.53,25.36,60.49
1/4/2023,Total Retail,Overall,Msa,Edmonton,Canada,Quarters,39.67,39.91,39.65,42.26,102.97,44.35,94.32,58.64
1/5/2023,Total Retail,Overall,Msa,Edmonton,Canada,Quarters,45.08,40.3,39.55,51.87,108.43,53.49,332.84,140.96
1/6/2023,Total Retail,Overall,Msa,Edmonton,Canada,Quarters,40.04,39.65,39.99,37.37,101.61,37.93,95.76,205.58
1/7/2023,Total Retail,Overall,Msa,Edmonton,Canada,Quarters,25.97,25.7,24.83,52.77,103.93,54.32,47.22,45.33
1/8/2023,Total Retail,Overall,Msa,Edmonton,Canada,Quarters,14.32,19.4,19.05,31.17,100.63,31.07,-26.72,-16.64
1/9/2023,Total Retail,Overall,Msa,Edmonton,Canada,Quarters,30.07,29.89,29.48,58.81,103.23,60.67,64.55,28.47
1/10/2023,Total Retail,Overall,Msa,Edmonton,Canada,Quarters,38.9,36.34,36.22,44.48,102.13,45.06,171.42,125.64
1/11/2023,Total Retail,Overall,Msa,Edmonton,Canada,Quarters,29.52,34.74,34.74,33.37,101.5,33.84,131.31,72.97
1/12/2023,Total Retail,Overall,Msa,Edmonton,Canada,Quarters,31.49,42.82,42.04,25.77,104.97,27.01,112.05,96.25
1/13/2023,Total Retail,Overall,Msa,Edmonton,Canada,Quarters,39.08,39.55,39.27,34.06,102.62,34.73,192.6,91.53
1/14/2023,Total Retail,Overall,Msa,Edmonton,Canada,Quarters,17.68,25.38,23.58,25.83,116.83,27.94,-9.16,0.04
1/15/2023,Total Retail,Overall,Msa,Edmonton,Canada,Quarters,16.83,22.04,21.56,36.65,105.13,37.58,29.18,-1.19
1/16/2023,Total Retail,Overall,Msa,Edmonton,Canada,Quarters,33.06,33.53,32.63,40.69,104.86,41.64,132.39,33.92
1/17/2023,Total Retail,Overall,Msa,Edmonton,Canada,Quarters,36.1,36.33,35.73,58.24,104.04,59.5,137.04,113.59
1/18/2023,Total Retail,Overall,Msa,Edmonton,Canada,Quarters,31.33,37.94,38.3,34.28,99.66,34.41,115.66,112.65
1/19/2023,Total Retail,Overall,Msa,Edmonton,Canada,Quarters,39.56,44.96,44.12,35.42,105.57,36.09,68.64,109.52
1/20/2023,Total Retail,Overall,Msa,Edmonton,Canada,Quarters,38.65,44.85,45.84,32.39,99.64,32.08,141.79,100.08
1/21/2023,Total Retail,Overall,Msa,Edmonton,Canada,Quarters,21.3,30.34,29.79,29.9,103.78,30.72,2.75,31.95
1/22/2023,Total Retail,Overall,Msa,Edmonton,Canada,Quarters,13.61,18.02,18.61,32.09,99.27,32.11,-39.56,-46.31
1/23/2023,Total Retail,Overall,Msa,Edmonton,Canada,Quarters,54.84,41.8,42.2,64.96,100.89,64.71,200.05,79.16
1/24/2023,Total Retail,Overall,Msa,Edmonton,Canada,Quarters,38.38,38.7,38.43,36.06,103.06,36.97,100.7,87.71
1/25/2023,Total Retail,Overall,Msa,Edmonton,Canada,Quarters,36.47,43.58,42.69,29.24,102.15,29.59,144.63,118.42
1/26/2023,Total Retail,Overall,Msa,Edmonton,Canada,Quarters,43.37,46.45,46.31,34.27,101.76,34.54,210.57,130.27
1/27/2023,Total Retail,Overall,Msa,Edmonton,Canada,Quarters,47.08,40.11,39.64,48.73,103.12,49.49,199.14,75.31
1/28/2023,Total Retail,Overall,Msa,Edmonton,Canada,Quarters,21.86,27.1,25.96,33.15,110.19,33.54,1.38,-9.43
1/29/2023,Total Retail,Overall,Msa,Edmonton,Canada,Quarters,17.74,23.19,23.17,33.59,100.52,33.4,-9.56,-11.67
1/30/2023,Total Retail,Overall,Msa,Edmonton,Canada,Quarters,29.46,37.77,37.21,39.65,104.27,41.49,64.16,27.88
1/31/2023,Total Retail,Overall,Msa,Edmonton,Canada,Quarters,44.43,38.44,38.27,70.14,107.43,71.24,205.48,115.96
2/1/2023,Total Retail,Overall,Msa,Edmonton,Canada,Quarters,38.14,48.68,48.47,25.1,104.77,25.71,152.68,117.87
2/2/2023,Total Retail,Overall,Msa,Edmonton,Canada,Quarters,31.78,38.12,38.44,34.37,102.49,35.19,122.33,62.72
2/3/2023,Total Retail,Overall,Msa,Edmonton,Canada,Quarters,45.52,46.56,46.23,35.78,103.51,36.49,284.46,143.59
2/4/2023,Total Retail,Overall,Msa,Edmonton,Canada,Quarters,24.54,30.18,29.23,33.72,106.29,34.81,51.58,28.33
2/5/2023,Total Retail,Overall,Msa,Edmonton,Canada,Quarters,15.14,22.75,21.55,27.63,104.24,28.3,-41.58,-2.75
2/6/2023,Total Retail,Overall,Msa,Edmonton,Canada,Quarters,56.07,41.13,41.16,61.24,101.49,60.96,439.22,132.72
2/7/2023,Total Retail,Overall,Msa,Edmonton,Canada,Quarters,47.52,43.49,43.88,53.3,100.99,53.3,266.21,117.33
2/8/2023,Total Retail,Overall,Msa,Edmonton,Canada,Quarters,44.56,38.79,38.21,65.04,104.88,66.18,314.05,126.57
2/9/2023,Total Retail,Overall,Msa,Edmonton,Canada,Quarters,40.75,36.18,35.93,59.36,103.44,61.62,226.89,115.65
2/10/2023,Total Retail,Overall,Msa,Edmonton,Canada,Quarters,55.23,49.45,50.17,35.21,102.36,35.51,273.39,129.82
2/11/2023,Total Retail,Overall,Msa,Edmonton,Canada,Quarters,22.1,26.88,26.36,43.85,102.24,44.4,-12.52,10.62
2/12/2023,Total Retail,Overall,Msa,Edmonton,Canada,Quarters,16.61,23.55,23.18,30.57,103.91,31.38,-40.51,-26.65
2/13/2023,Total Retail,Overall,Msa,Edmonton,Canada,Quarters,41.16,39.92,39.38,52.11,111.76,55.81,101.78,96.7
2/14/2023,Total Retail,Overall,Msa,Edmonton,Canada,Quarters,39.88,38.91,39.86,39.29,99.65,39.19,84.32,72.79
2/15/2023,Total Retail,Overall,Msa,Edmonton,Canada,Quarters,61.42,57.78,57.37,40.94,102.65,41.61,228.56,200.58
2/16/2023,Total Retail,Overall,Msa,Edmonton,Canada,Quarters,35.39,44.2,43.02,34.78,105.89,37.01,48.49,157.92
2/17/2023,Total Retail,Overall,Msa,Edmonton,Canada,Quarters,46.37,55.18,55.67,35.62,104.48,36.52,123.28,138.01
2/18/2023,Total Retail,Overall,Msa,Edmonton,Canada,Quarters,28.03,34.51,33.88,29.93,103.77,30.88,47.8,37.31
2/19/2023,Total Retail,Overall,Msa,Edmonton,Canada,Quarters,16.98,22.39,21.3,30.12,104.66,30.57,-39.5,-31.93
2/20/2023,Total Retail,Overall,Msa,Edmonton,Canada,Quarters,35.51,30.95,29.06,45.01,109.41,49.84,83.14,30.18
2/21/2023,Total Retail,Overall,Msa,Edmonton,Canada,Quarters,38.6,38.89,38.39,44.19,103.32,45.4,143.39,113.42
2/22/2023,Total Retail,Overall,Msa,Edmonton,Canada,Quarters,48.15,35.47,36.07,48.54,102.54,48.72,204.78,76.58
2/23/2023,Total Retail,Overall,Msa,Edmonton,Canada,Quarters,36.65,43.49,42.91,30.06,104.09,31.12,79.24,96.71
2/24/2023,Total Retail,Overall,Msa,Edmonton,Canada,Quarters,62.92,48.4,49.3,50.69,101.21,50.78,200.97,83.28
2/25/2023,Total Retail,Overall,Msa,Edmonton,Canada,Quarters,38.3,31.94,32.37,55.37,99.81,55.62,50.33,25.44
2/26/2023,Total Retail,Overall,Msa,Edmonton,Canada,Quarters,21.06,23.73,23.35,36.6,103.1,37.35,-13.34,-1.47
2/27/2023,Total Retail,Overall,Msa,Edmonton,Canada,Quarters,50.62,45.58,44.68,53.45,103.91,55.93,190.81,85.66
2/28/2023,Total Retail,Overall,Msa,Edmonton,Canada,Quarters,40.66,45.07,44.29,35.51,104.35,36.25,107.31,103.48
3/1/2023,Total Retail,Overall,Msa,Edmonton,Canada,Quarters,44.6,37.06,37.55,59.78,100.37,60.42,224.47,85.85
3/2/2023,Total Retail,Overall,Msa,Edmonton,Canada,Quarters,43.56,37,35.85,41.01,107.98,42.94,103.1,52.02
3/3/2023,Total Retail,Overall,Msa,Edmonton,Canada,Quarters,56.37,45.74,46.06,46.83,103.72,48.48,164.1,117.1
3/4/2023,Total Retail,Overall,Msa,Edmonton,Canada,Quarters,29.36,29.99,29.11,41.81,103.1,42.69,71.83,6.05
3/5/2023,Total Retail,Overall,Msa,Edmonton,Canada,Quarters,13.89,19.62,18.11,28.83,104.62,29.9,-53.99,-36.3
3/6/2023,Total Retail,Overall,Msa,Edmonton,Canada,Quarters,29.89,30,30.44,40.14,102.76,40.01,123.77,35.24
3/7/2023,Total Retail,Overall,Msa,Edmonton,Canada,Quarters,33.7,41.08,41.55,30.31,100.25,30.46,52.17,98.94
3/8/2023,Total Retail,Overall,Msa,Edmonton,Canada,Quarters,41.49,41.84,41.53,39.58,105.73,42.41,122.31,91.39
3/9/2023,Total Retail,Overall,Msa,Edmonton,Canada,Quarters,29.86,40.92,40.95,27.83,101.34,28.2,108.7,75.91
3/10/2023,Total Retail,Overall,Msa,Edmonton,Canada,Quarters,58,54.4,55.74,41.89,99.33,41.38,212.42,135.73
3/11/2023,Total Retail,Overall,Msa,Edmonton,Canada,Quarters,24.6,31.51,31.31,29.3,101.69,29.44,7.14,27.86
3/12/2023,Total Retail,Overall,Msa,Edmonton,Canada,Quarters,17.13,19.42,19.27,38.2,100.27,37.73,-47.18,-40.95
3/13/2023,Total Retail,Overall,Msa,Edmonton,Canada,Quarters,37.02,35.42,34.94,61.66,102.11,63.74,25.18,41.41
3/14/2023,Total Retail,Overall,Msa,Edmonton,Canada,Quarters,40.09,41.72,41.3,36.4,103.08,36.52,219.63,121.24
3/15/2023,Total Retail,Overall,Msa,Edmonton,Canada,Quarters,53.86,47.89,47.17,52.63,103.64,53.79,123.71,82.58
3/16/2023,Total Retail,Overall,Msa,Edmonton,Canada,Quarters,33.1,40.04,39.45,33.82,102.7,34.49,56.84,34.36
3/17/2023,Total Retail,Overall,Msa,Edmonton,Canada,Quarters,47.18,45.93,45.16,41.72,107.12,44.1,34.45,44.24
3/18/2023,Total Retail,Overall,Msa,Edmonton,Canada,Quarters,23.49,24.85,24.86,46.78,104.58,49.68,-19.01,-20.03
3/19/2023,Total Retail,Overall,Msa,Edmonton,Canada,Quarters,14.71,21.93,21.92,25.38,102.43,26.05,-53.27,-13.88
3/20/2023,Total Retail,Overall,Msa,Edmonton,Canada,Quarters,45.08,42.24,42.41,52.71,103.58,53.25,167.83,93.54
3/21/2023,Total Retail,Overall,Msa,Edmonton,Canada,Quarters,57.4,51.37,49.64,55.7,110.51,59.97,222.8,126.37
3/22/2023,Total Retail,Overall,Msa,Edmonton,Canada,Quarters,37.09,40.76,40.98,35.66,100.9,35.97,163.71,73.88
3/23/2023,Total Retail,Overall,Msa,Edmonton,Canada,Quarters,43.96,50.63,49.31,36.88,104.01,37.77,47.23,82.41
3/24/2023,Total Retail,Overall,Msa,Edmonton,Canada,Quarters,46.32,45.41,46.64,35.57,99.17,35.13,53.56,55.44
3/25/2023,Total Retail,Overall,Msa,Edmonton,Canada,Quarters,19.85,25.96,25.76,30.98,102.43,31.84,-28.43,-9.91
3/26/2023,Total Retail,Overall,Msa,Edmonton,Canada,Quarters,20.67,27.24,26.13,31.79,104.82,32.53,-24.1,-8.34
3/27/2023,Total Retail,Overall,Msa,Edmonton,Canada,Quarters,36.27,39.14,38.54,40.7,103,41.36,85.41,58.17
3/28/2023,Total Retail,Overall,Msa,Edmonton,Canada,Quarters,40.83,45.61,46.23,40.06,99.35,40.22,198.14,143.89
3/29/2023,Total Retail,Overall,Msa,Edmonton,Canada,Quarters,42.63,50.75,49.53,28.89,105.89,30.36,149.44,142.77
3/30/2023,Total Retail,Overall,Msa,Edmonton,Canada,Quarters,39.96,48.87,46.26,40.79,110.31,44.08,68.19,78.68
3/31/2023,Total Retail,Overall,Msa,Edmonton,Canada,Quarters,58.02,57.31,55.09,33.71,111.38,35.18,145.98,115.04
1/1/2023,Total Retail,Overall,Msa,Edmonton,Canada,Civic,121.89,121.98,111.1,42.59,103.94,44.04,353.19,348.04
1/2/2023,Total Retail,Overall,Msa,Edmonton,Canada,Civic,66.59,74.1,71.57,44.46,102.54,45.35,210.87,156.06
1/3/2023,Total Retail,Overall,Msa,Edmonton,Canada,Civic,71.26,89.57,87.37,36.91,102.86,37.71,123.33,147.8
1/4/2023,Total Retail,Overall,Msa,Edmonton,Canada,Civic,64.65,96.99,96.66,31.94,101.4,32.25,40.46,114.4
1/5/2023,Total Retail,Overall,Msa,Edmonton,Canada,Civic,70.78,99.76,98.82,39.85,101.91,40.5,139.38,137.89
1/6/2023,Total Retail,Overall,Msa,Edmonton,Canada,Civic,78.12,99.79,97.87,35.05,102.1,35.6,193.56,172.99
1/7/2023,Total Retail,Overall,Msa,Edmonton,Canada,Civic,98.61,99.21,93.06,60.98,104.71,63.04,207.42,178.35
1/8/2023,Total Retail,Overall,Msa,Edmonton,Canada,Civic,57.05,79.72,74.69,39.13,103.48,39.93,103.56,147.32
1/9/2023,Total Retail,Overall,Msa,Edmonton,Canada,Civic,52.33,79.43,79.94,30.07,100.76,30.14,166.81,217.73
1/10/2023,Total Retail,Overall,Msa,Edmonton,Canada,Civic,70.2,93.3,94.19,44.85,100.26,44.33,108.06,155.01
1/11/2023,Total Retail,Overall,Msa,Edmonton,Canada,Civic,58.21,101.93,102.42,27.64,102.62,28.47,25.3,94.87
1/12/2023,Total Retail,Overall,Msa,Edmonton,Canada,Civic,60.55,98.5,99.14,27.74,102.77,28.5,42.48,118.6
1/13/2023,Total Retail,Overall,Msa,Edmonton,Canada,Civic,81.01,101.93,100.42,33.94,102.9,34.79,126.17,170.31
1/14/2023,Total Retail,Overall,Msa,Edmonton,Canada,Civic,86.03,99.13,96.42,31.72,106.57,33.21,152.94,111.03
1/15/2023,Total Retail,Overall,Msa,Edmonton,Canada,Civic,61.49,82.39,76.69,46.31,103.49,47.25,54.22,79.45
1/16/2023,Total Retail,Overall,Msa,Edmonton,Canada,Civic,48.46,78.75,79.38,27.13,102.05,27.54,185.31,187.07
1/17/2023,Total Retail,Overall,Msa,Edmonton,Canada,Civic,76.08,109.87,110.19,48.3,100.69,48.06,240.79,198.09
1/18/2023,Total Retail,Overall,Msa,Edmonton,Canada,Civic,59.09,102.89,103.35,29.02,101.09,29.29,41.01,149.92
1/19/2023,Total Retail,Overall,Msa,Edmonton,Canada,Civic,64.18,112.1,113.56,27.52,100.33,27.62,51.81,188.32
1/20/2023,Total Retail,Overall,Msa,Edmonton,Canada,Civic,75.12,102.62,103.67,31.12,99.92,31.06,70.03,131.25
1/21/2023,Total Retail,Overall,Msa,Edmonton,Canada,Civic,72.05,83.36,80.76,37.26,103.41,38.27,24.72,51.16
1/22/2023,Total Retail,Overall,Msa,Edmonton,Canada,Civic,60.37,74.37,70,40.97,104.29,42.31,15.99,41.93
1/23/2023,Total Retail,Overall,Msa,Edmonton,Canada,Civic,76.45,86.24,85.96,57.51,101.36,57.76,211.17,186.66
1/24/2023,Total Retail,Overall,Msa,Edmonton,Canada,Civic,67.05,102.51,102.49,28.9,100.64,28.88,60.53,132.38
1/25/2023,Total Retail,Overall,Msa,Edmonton,Canada,Civic,71.91,105.96,106.21,29.12,100.86,29.3,91.02,105.95
1/26/2023,Total Retail,Overall,Msa,Edmonton,Canada,Civic,87,117.43,117.85,33.68,101.17,33.81,97.61,152.23
1/27/2023,Total Retail,Overall,Msa,Edmonton,Canada,Civic,92.29,99.91,101.18,46.26,99.78,45.9,136.2,113.66
1/28/2023,Total Retail,Overall,Msa,Edmonton,Canada,Civic,72.25,78.99,77.55,42.79,101.89,43.54,52.55,32.35
1/29/2023,Total Retail,Overall,Msa,Edmonton,Canada,Civic,56.82,68.8,64.87,40.94,104.45,42.16,44.49,50.74
1/30/2023,Total Retail,Overall,Msa,Edmonton,Canada,Civic,53.73,91.13,89.37,26.25,102.36,26.68,78.4,148.63
1/31/2023,Total Retail,Overall,Msa,Edmonton,Canada,Civic,74.5,108.18,109.51,54.32,100.73,54.49,165.37,207.62
2/1/2023,Total Retail,Overall,Msa,Edmonton,Canada,Civic,68.1,111.74,112.62,26.68,101.03,26.86,135,149.79
2/2/2023,Total Retail,Overall,Msa,Edmonton,Canada,Civic,55.52,94.14,94.86,31.05,102.15,31.48,39.11,94.37
2/3/2023,Total Retail,Overall,Msa,Edmonton,Canada,Civic,81.43,116.62,114.49,31.42,102.11,31.83,113.38,184.13
2/4/2023,Total Retail,Overall,Msa,Edmonton,Canada,Civic,75.31,93.82,90.45,38.31,102.15,39.05,83.55,97.8
2/5/2023,Total Retail,Overall,Msa,Edmonton,Canada,Civic,50.46,71.88,68.03,34.6,102.63,35.23,22.32,75.14
2/6/2023,Total Retail,Overall,Msa,Edmonton,Canada,Civic,84.2,105.18,106.16,47.57,100.01,47.2,187.53,195.34
2/7/2023,Total Retail,Overall,Msa,Edmonton,Canada,Civic,83.75,122.8,122.5,48.96,100.93,49.05,120.37,172.87
2/8/2023,Total Retail,Overall,Msa,Edmonton,Canada,Civic,79.49,107.16,105.59,48.73,100.15,48.4,149.63,134.03
2/9/2023,Total Retail,Overall,Msa,Edmonton,Canada,Civic,73.33,114.42,114.29,27.74,101.73,27.99,121.75,138.52
2/10/2023,Total Retail,Overall,Msa,Edmonton,Canada,Civic,92,123.89,123.29,33.28,100.92,33.42,119.32,143.73
2/11/2023,Total Retail,Overall,Msa,Edmonton,Canada,Civic,73.9,86.17,83.71,48.21,102.75,49.27,52.46,53.67
2/12/2023,Total Retail,Overall,Msa,Edmonton,Canada,Civic,49.57,73.72,70.22,31.78,103.19,32.7,-18.96,28.07
2/13/2023,Total Retail,Overall,Msa,Edmonton,Canada,Civic,61.49,87.08,88.88,38.39,99.59,38.25,52.78,115.34
2/14/2023,Total Retail,Overall,Msa,Edmonton,Canada,Civic,70.39,111.11,112.74,33.66,98.98,33.12,14.43,98.7
2/15/2023,Total Retail,Overall,Msa,Edmonton,Canada,Civic,69.45,107.82,108.37,28.96,101.35,29.25,118.22,118.9
2/16/2023,Total Retail,Overall,Msa,Edmonton,Canada,Civic,64.19,106.85,105.67,32.36,102.35,33.12,40.27,105.21
2/17/2023,Total Retail,Overall,Msa,Edmonton,Canada,Civic,99.1,124.34,123.93,36,101.32,36.4,209.88,124.23
2/18/2023,Total Retail,Overall,Msa,Edmonton,Canada,Civic,102.28,110.85,105.67,37.26,102.23,38.04,110.46,78.48
2/19/2023,Total Retail,Overall,Msa,Edmonton,Canada,Civic,80.09,90.39,84.92,46.77,104.61,48.21,54.48,56.83
2/20/2023,Total Retail,Overall,Msa,Edmonton,Canada,Civic,78.08,97.54,93.56,36.33,104.31,37.42,104.75,130.66
2/21/2023,Total Retail,Overall,Msa,Edmonton,Canada,Civic,68.11,102.01,101.46,31.47,102.02,31.71,59.02,219.66
2/22/2023,Total Retail,Overall,Msa,Edmonton,Canada,Civic,66.53,87.86,89.39,32.21,100.19,32.2,46.95,76.46
2/23/2023,Total Retail,Overall,Msa,Edmonton,Canada,Civic,64.83,94.11,94.49,30.1,100.98,30.33,34.36,106.63
2/24/2023,Total Retail,Overall,Msa,Edmonton,Canada,Civic,93.34,96.21,97.41,41.98,101.5,42.27,97.66,79.4
2/25/2023,Total Retail,Overall,Msa,Edmonton,Canada,Civic,85.03,95.58,93.41,50.55,101.41,50.9,30.82,60.4
2/26/2023,Total Retail,Overall,Msa,Edmonton,Canada,Civic,67.9,93.98,84.35,37.4,106.64,39.08,48.12,127.43
2/27/2023,Total Retail,Overall,Msa,Edmonton,Canada,Civic,79.01,101.51,102.16,35.39,100.75,35.52,277.63,262.47
2/28/2023,Total Retail,Overall,Msa,Edmonton,Canada,Civic,81.88,117.1,117.42,34.82,101.53,35.19,91.93,187.56
3/1/2023,Total Retail,Overall,Msa,Edmonton,Canada,Civic,69.06,105.76,106.79,32.89,100.46,32.94,80.62,124.23
3/2/2023,Total Retail,Overall,Msa,Edmonton,Canada,Civic,74.73,102.63,100.47,37.04,101.72,37.35,72.09,77.48
3/3/2023,Total Retail,Overall,Msa,Edmonton,Canada,Civic,95.84,125.08,122.57,36.38,102.84,37.28,55.47,151.14
3/4/2023,Total Retail,Overall,Msa,Edmonton,Canada,Civic,76.43,86.55,83.98,43.49,102.73,44.45,27.55,28.42
3/5/2023,Total Retail,Overall,Msa,Edmonton,Canada,Civic,47.8,68.21,65.11,33.03,102.33,33.74,-23.47,24.73
3/6/2023,Total Retail,Overall,Msa,Edmonton,Canada,Civic,59.44,88.16,89.48,31.57,99.31,31.23,71.88,107.23
3/7/2023,Total Retail,Overall,Msa,Edmonton,Canada,Civic,64.31,99.14,100.53,27.4,99.81,27.3,74.06,121.89
3/8/2023,Total Retail,Overall,Msa,Edmonton,Canada,Civic,82.78,113.34,112.06,33.77,103.03,34.56,119.16,108.96
3/9/2023,Total Retail,Overall,Msa,Edmonton,Canada,Civic,69.02,109.29,110.45,27.34,101.21,27.68,3.3,62.78
3/10/2023,Total Retail,Overall,Msa,Edmonton,Canada,Civic,84.39,112.63,112.01,32.27,102.08,32.7,77.2,139.77
3/11/2023,Total Retail,Overall,Msa,Edmonton,Canada,Civic,99.81,116.35,111.4,37.24,103.67,38.21,100.81,114.89
3/12/2023,Total Retail,Overall,Msa,Edmonton,Canada,Civic,69.51,100.47,93.75,31.73,104.31,32.75,-8.44,41.29
3/13/2023,Total Retail,Overall,Msa,Edmonton,Canada,Civic,73.25,89.74,89.5,32.38,100.88,32.73,96.77,118.63
3/14/2023,Total Retail,Overall,Msa,Edmonton,Canada,Civic,83.06,111.01,111.83,34.55,100.26,34.52,147.01,169.26
3/15/2023,Total Retail,Overall,Msa,Edmonton,Canada,Civic,73.54,106.43,107.19,39.28,100.6,39.37,6.59,51.61
3/16/2023,Total Retail,Overall,Msa,Edmonton,Canada,Civic,72.07,108.42,109.94,29.47,99.69,29.44,8.33,47.17
3/17/2023,Total Retail,Overall,Msa,Edmonton,Canada,Civic,96.11,107.22,107.78,38.74,101.56,39.5,60.66,54.18
3/18/2023,Total Retail,Overall,Msa,Edmonton,Canada,Civic,101.46,105.13,98.48,57.74,106.24,61.47,12.83,42.46
3/19/2023,Total Retail,Overall,Msa,Edmonton,Canada,Civic,66.76,85.68,81.9,37.56,104.37,39.04,-6.54,40.42
3/20/2023,Total Retail,Overall,Msa,Edmonton,Canada,Civic,83.43,102.23,101.76,44.32,101.32,44.62,131.24,259.34
3/21/2023,Total Retail,Overall,Msa,Edmonton,Canada,Civic,96.27,122.72,124.96,35.89,101.05,36.57,121.04,164.78
3/22/2023,Total Retail,Overall,Msa,Edmonton,Canada,Civic,78.69,110.28,111.32,35.56,100.71,35.79,31.9,75.1
3/23/2023,Total Retail,Overall,Msa,Edmonton,Canada,Civic,69.88,110.06,110.98,27.83,101.2,28.04,6.36,69.79
3/24/2023,Total Retail,Overall,Msa,Edmonton,Canada,Civic,128.44,111.57,113.02,43.93,100.1,44.02,77.97,58.75
3/25/2023,Total Retail,Overall,Msa,Edmonton,Canada,Civic,102.87,102.18,99.63,40.07,103.33,41.54,76.51,58.07
3/26/2023,Total Retail,Overall,Msa,Edmonton,Canada,Civic,76.6,97.24,91.88,38.66,105.08,40.08,26.84,71.37
3/27/2023,Total Retail,Overall,Msa,Edmonton,Canada,Civic,61.97,85.12,84.92,36.02,101.13,36.31,58.8,145.28
3/28/2023,Total Retail,Overall,Msa,Edmonton,Canada,Civic,74.02,109.32,110.86,30.57,100.27,30.67,47.36,127.27
3/29/2023,Total Retail,Overall,Msa,Edmonton,Canada,Civic,78.32,126.95,126.51,28.52,102.2,28.94,34.1,100.56
3/30/2023,Total Retail,Overall,Msa,Edmonton,Canada,Civic,84.78,127.96,127.8,37.23,102.48,38.54,41.19,106.09
3/31/2023,Total Retail,Overall,Msa,Edmonton,Canada,Civic,93.38,114.28,117.45,33.02,99.33,32.72,42.28,75.68
1/1/2023,Total Retail,Overall,Msa,Edmonton,Canada,CtownNorth,61.09,65.28,67.06,43.14,99.01,42.92,27.13,3.96
1/2/2023,Total Retail,Overall,Msa,Edmonton,Canada,CtownNorth,49.3,52.63,54.4,46.74,98.66,46.19,-8.81,-18.78
1/3/2023,Total Retail,Overall,Msa,Edmonton,Canada,CtownNorth,47.82,46.78,48.4,54.63,98.55,54.05,19.31,16.84
1/4/2023,Total Retail,Overall,Msa,Edmonton,Canada,CtownNorth,51.03,54.57,52.1,54.61,110.1,56.98,25.77,38.25
1/5/2023,Total Retail,Overall,Msa,Edmonton,Canada,CtownNorth,45.07,51.07,53.03,53.7,99.28,54.64,29.56,18.63
1/6/2023,Total Retail,Overall,Msa,Edmonton,Canada,CtownNorth,76.26,70.17,72.48,61.74,98.33,60.88,129.95,71.46
1/7/2023,Total Retail,Overall,Msa,Edmonton,Canada,CtownNorth,88.8,83.62,85.73,62.96,99.55,62.28,72.84,58.28
1/8/2023,Total Retail,Overall,Msa,Edmonton,Canada,CtownNorth,60.73,66.08,68.36,47.93,98.26,47.17,-14.39,4.63
1/9/2023,Total Retail,Overall,Msa,Edmonton,Canada,CtownNorth,36.72,46.75,48.2,46.62,98.73,46.14,-29.23,-22.84
1/10/2023,Total Retail,Overall,Msa,Edmonton,Canada,CtownNorth,46.46,50.1,51.76,51.1,98.83,50.53,18.84,3.55
1/11/2023,Total Retail,Overall,Msa,Edmonton,Canada,CtownNorth,62.29,51.71,52.95,67.48,99.59,70.35,25.84,-5.18
1/12/2023,Total Retail,Overall,Msa,Edmonton,Canada,CtownNorth,37.35,44.67,43.75,45.24,104.92,46.82,-22.42,-17.82
1/13/2023,Total Retail,Overall,Msa,Edmonton,Canada,CtownNorth,64.58,68.63,69.3,47.17,101.47,47.88,87.75,76.68
1/14/2023,Total Retail,Overall,Msa,Edmonton,Canada,CtownNorth,68.41,69.29,70.91,66.95,99.14,66.32,22.84,17.07
1/15/2023,Total Retail,Overall,Msa,Edmonton,Canada,CtownNorth,76.19,82.54,83.75,57.4,99.93,57.2,21.73,8.77
1/16/2023,Total Retail,Overall,Msa,Edmonton,Canada,CtownNorth,53.47,61.25,63.29,43.26,100.14,43.7,-23.54,-16.34
1/17/2023,Total Retail,Overall,Msa,Edmonton,Canada,CtownNorth,50.86,56.71,58.15,43.46,100.09,44.3,67.72,65.32
1/18/2023,Total Retail,Overall,Msa,Edmonton,Canada,CtownNorth,50.8,57.61,58.65,41.77,99.56,41.67,21.61,38.22
1/19/2023,Total Retail,Overall,Msa,Edmonton,Canada,CtownNorth,63.57,71.11,70.73,48.97,103.77,50.24,58.39,53.78
1/20/2023,Total Retail,Overall,Msa,Edmonton,Canada,CtownNorth,60.25,64.28,66.47,49.62,98.73,49.26,39.95,10.16
1/21/2023,Total Retail,Overall,Msa,Edmonton,Canada,CtownNorth,71.54,79.72,82.47,63.13,98.25,61.92,6.42,9.99
1/22/2023,Total Retail,Overall,Msa,Edmonton,Canada,CtownNorth,60.85,63.94,66.18,43.7,98.37,43.04,-7.64,-13.06
1/23/2023,Total Retail,Overall,Msa,Edmonton,Canada,CtownNorth,39.61,40.24,41.26,55.06,100.11,55.14,-35.94,-47.02
1/24/2023,Total Retail,Overall,Msa,Edmonton,Canada,CtownNorth,44.2,45.88,47.37,50.34,98.42,49.95,-6.1,2.46
1/25/2023,Total Retail,Overall,Msa,Edmonton,Canada,CtownNorth,58.89,57.11,58.52,58.52,99.55,59.24,4.87,8.74
1/26/2023,Total Retail,Overall,Msa,Edmonton,Canada,CtownNorth,56.2,50.65,50.56,64.87,104,66.19,26.34,5.75
1/27/2023,Total Retail,Overall,Msa,Edmonton,Canada,CtownNorth,57.17,64.38,65.87,46.86,99.49,47.17,2.04,8
1/28/2023,Total Retail,Overall,Msa,Edmonton,Canada,CtownNorth,83.01,84.46,87.23,67.92,99.21,67.93,24.15,7.99
1/29/2023,Total Retail,Overall,Msa,Edmonton,Canada,CtownNorth,66.25,66.38,68.15,86.16,99.54,84.52,1.05,-6.24
1/30/2023,Total Retail,Overall,Msa,Edmonton,Canada,CtownNorth,43.61,44.79,44.66,59.44,105.27,61.2,-17.11,-29.11
1/31/2023,Total Retail,Overall,Msa,Edmonton,Canada,CtownNorth,38.51,46.87,48.26,39.27,99.13,39.09,-14.73,-10.54
2/1/2023,Total Retail,Overall,Msa,Edmonton,Canada,CtownNorth,39.76,44.01,45.56,49.5,98.07,48.71,20.22,5.62
2/2/2023,Total Retail,Overall,Msa,Edmonton,Canada,CtownNorth,44.25,53.35,52.71,47.23,105.03,48.78,-0.97,24.19
2/3/2023,Total Retail,Overall,Msa,Edmonton,Canada,CtownNorth,72.56,76.26,78.74,64.34,98.9,64.34,108.97,88.37
2/4/2023,Total Retail,Overall,Msa,Edmonton,Canada,CtownNorth,81.28,90.67,92.79,52.94,98.88,52.45,88.82,85.23
2/5/2023,Total Retail,Overall,Msa,Edmonton,Canada,CtownNorth,59.98,71.29,73.73,42.07,98.53,41.47,1.48,7.04
2/6/2023,Total Retail,Overall,Msa,Edmonton,Canada,CtownNorth,42.31,42.43,43.52,59.64,99.47,59.65,-15.4,-30.76
2/7/2023,Total Retail,Overall,Msa,Edmonton,Canada,CtownNorth,44.49,46.48,48.24,49.52,98.12,49.03,38.25,6.64
2/8/2023,Total Retail,Overall,Msa,Edmonton,Canada,CtownNorth,40.78,51.09,52.49,41.18,98.25,40.48,-24.01,10.14
2/9/2023,Total Retail,Overall,Msa,Edmonton,Canada,CtownNorth,46.62,56.66,58.66,43.04,98.02,42.26,16.49,24.5
2/10/2023,Total Retail,Overall,Msa,Edmonton,Canada,CtownNorth,67.29,70.04,69.07,57.88,105.68,60.18,64.97,56.88
2/11/2023,Total Retail,Overall,Msa,Edmonton,Canada,CtownNorth,80.79,81.28,84.02,52.83,98.32,52.07,41.44,19.92
2/12/2023,Total Retail,Overall,Msa,Edmonton,Canada,CtownNorth,51.29,62.47,63.5,37.56,100.65,37.77,-23.82,-22.13
2/13/2023,Total Retail,Overall,Msa,Edmonton,Canada,CtownNorth,39.72,41.01,42.1,64.79,98.97,64.25,-20.8,-33.29
2/14/2023,Total Retail,Overall,Msa,Edmonton,Canada,CtownNorth,51.62,59.71,61.19,42.2,99.26,41.98,7,20.2
2/15/2023,Total Retail,Overall,Msa,Edmonton,Canada,CtownNorth,45.8,52.04,53.9,46.6,98.54,46.24,3.36,7.19
2/16/2023,Total Retail,Overall,Msa,Edmonton,Canada,CtownNorth,49.04,55.45,57.49,46.55,98.52,46.4,27.32,25.12
2/17/2023,Total Retail,Overall,Msa,Edmonton,Canada,CtownNorth,69.9,76.41,75.9,53.71,104.25,55.06,50.78,57.46
2/18/2023,Total Retail,Overall,Msa,Edmonton,Canada,CtownNorth,65.3,80.71,82.71,39.01,98.67,38.49,35.25,27.7
2/19/2023,Total Retail,Overall,Msa,Edmonton,Canada,CtownNorth,58.02,61.21,63.04,50.21,98.54,49.52,-22.81,-25.77
2/20/2023,Total Retail,Overall,Msa,Edmonton,Canada,CtownNorth,58.17,60.63,62.42,43.36,99.51,43.12,5.32,-5.09
2/21/2023,Total Retail,Overall,Msa,Edmonton,Canada,CtownNorth,42.56,47.04,48.29,51.92,99.29,51.54,-19.26,-18.99
2/22/2023,Total Retail,Overall,Msa,Edmonton,Canada,CtownNorth,51.57,44.25,45.2,65.53,100.17,65.93,37.82,-15.59
2/23/2023,Total Retail,Overall,Msa,Edmonton,Canada,CtownNorth,39.87,48.11,49.78,42.24,97.8,41.42,-5.01,1.95
2/24/2023,Total Retail,Overall,Msa,Edmonton,Canada,CtownNorth,53.41,65.76,64.99,39.92,105.57,41.34,25.77,33.27
2/25/2023,Total Retail,Overall,Msa,Edmonton,Canada,CtownNorth,71.68,78.54,81.14,46.18,98.35,45.56,7.18,17.08
2/26/2023,Total Retail,Overall,Msa,Edmonton,Canada,CtownNorth,60.93,71.37,73.67,40.23,97.97,39.44,-9.28,-9.65
2/27/2023,Total Retail,Overall,Msa,Edmonton,Canada,CtownNorth,43.56,42.38,43.39,55.68,100.99,56.38,-22.59,-35.83
2/28/2023,Total Retail,Overall,Msa,Edmonton,Canada,CtownNorth,47.86,48.9,50.02,48.01,100.77,50.39,-4.25,1.65
3/1/2023,Total Retail,Overall,Msa,Edmonton,Canada,CtownNorth,45.05,53.62,55.35,42.59,98.78,42.26,27.14,39.32
3/2/2023,Total Retail,Overall,Msa,Edmonton,Canada,CtownNorth,57.27,53.84,56.22,54.82,97.85,53.71,34.19,14.42
3/3/2023,Total Retail,Overall,Msa,Edmonton,Canada,CtownNorth,83.01,73.22,73.34,69.26,103.69,70.98,77.99,52.29
3/4/2023,Total Retail,Overall,Msa,Edmonton,Canada,CtownNorth,76.28,77.63,79.76,47.72,98.65,47.11,46.9,35.68
3/5/2023,Total Retail,Overall,Msa,Edmonton,Canada,CtownNorth,58.82,65.21,67.04,56.13,98.97,59,-17.6,-15.92
3/6/2023,Total Retail,Overall,Msa,Edmonton,Canada,CtownNorth,38.64,40.59,42.13,56.61,99,56.45,-29.48,-36.01
3/7/2023,Total Retail,Overall,Msa,Edmonton,Canada,CtownNorth,41.08,49.03,50.27,45.77,98.05,45.03,1.24,9.26
3/8/2023,Total Retail,Overall,Msa,Edmonton,Canada,CtownNorth,56.93,45.8,47.45,68.39,98.85,67.46,34.17,-9.69
3/9/2023,Total Retail,Overall,Msa,Edmonton,Canada,CtownNorth,55.31,54.97,56.53,64.86,99.15,64.1,24.15,8.85
3/10/2023,Total Retail,Overall,Msa,Edmonton,Canada,CtownNorth,69.66,68.7,68.95,57.4,102.42,58.21,46.29,36.01
3/11/2023,Total Retail,Overall,Msa,Edmonton,Canada,CtownNorth,72.73,81.51,84.08,43.58,98.82,43.35,28.94,22.68
3/12/2023,Total Retail,Overall,Msa,Edmonton,Canada,CtownNorth,59.37,73.41,76.63,40.98,97.18,39.9,-17.84,11.28
3/13/2023,Total Retail,Overall,Msa,Edmonton,Canada,CtownNorth,38,42.99,44.48,59.14,99.74,61.58,-26.56,-29.67
3/14/2023,Total Retail,Overall,Msa,Edmonton,Canada,CtownNorth,61.98,65.42,66.94,58.26,99.72,58.61,39.13,53.26
3/15/2023,Total Retail,Overall,Msa,Edmonton,Canada,CtownNorth,48.07,53.41,54.53,47.27,100.31,47.24,9.49,4.37
3/16/2023,Total Retail,Overall,Msa,Edmonton,Canada,CtownNorth,43.42,53.18,54.01,39.19,100.62,39.47,22.09,17.37
3/17/2023,Total Retail,Overall,Msa,Edmonton,Canada,CtownNorth,60.23,64.87,65.22,52.14,103.36,54.02,30.34,35.8
3/18/2023,Total Retail,Overall,Msa,Edmonton,Canada,CtownNorth,78.11,81.33,84.34,64,98.93,63.53,51.79,27.54
3/19/2023,Total Retail,Overall,Msa,Edmonton,Canada,CtownNorth,56.47,63.7,65.78,43.57,98.66,43.03,-29.5,-26.52
3/20/2023,Total Retail,Overall,Msa,Edmonton,Canada,CtownNorth,33.89,38.81,40.02,43.08,98.35,42.56,-42.28,-37.75
3/21/2023,Total Retail,Overall,Msa,Edmonton,Canada,CtownNorth,41.96,53.92,54.39,35.19,100.85,35.71,1.5,12.11
3/22/2023,Total Retail,Overall,Msa,Edmonton,Canada,CtownNorth,40.38,50.17,51.74,39.17,99.16,38.88,9.46,13.48
3/23/2023,Total Retail,Overall,Msa,Edmonton,Canada,CtownNorth,44.13,45.35,46.64,66.24,100,67.9,-15.02,-16.21
3/24/2023,Total Retail,Overall,Msa,Edmonton,Canada,CtownNorth,66.47,69.91,71.54,54.04,99.95,54.26,28.64,39.94
3/25/2023,Total Retail,Overall,Msa,Edmonton,Canada,CtownNorth,78.97,83.18,86.24,46.81,98.14,46.01,30.02,18.99
3/26/2023,Total Retail,Overall,Msa,Edmonton,Canada,CtownNorth,67.06,66.77,68.89,51.22,99.11,50.78,-6.46,-10.02
3/27/2023,Total Retail,Overall,Msa,Edmonton,Canada,CtownNorth,37.14,44.75,46.2,39.86,98.35,39.28,-41,-36.47
3/28/2023,Total Retail,Overall,Msa,Edmonton,Canada,CtownNorth,42.96,50.55,52.07,42.2,98.84,41.99,1.24,12.54
3/29/2023,Total Retail,Overall,Msa,Edmonton,Canada,CtownNorth,49.97,49.74,50.47,50.36,100.59,51.23,2.66,-3.49
3/30/2023,Total Retail,Overall,Msa,Edmonton,Canada,CtownNorth,56.26,58.51,56.92,53.4,107.26,57.78,17.19,19.38
3/31/2023,Total Retail,Overall,Msa,Edmonton,Canada,CtownNorth,69.54,68.44,71,49.73,97.92,48.74,49.46,40.77
1/1/2023,Total Retail,Overall,Msa,Edmonton,Canada,Downtown South,65.02,75.73,71.57,40.49,105.5,42.31,138.73,142.13
1/2/2023,Total Retail,Overall,Msa,Edmonton,Canada,Downtown South,33.93,41.9,42.6,36.02,101.31,36.33,39.03,15.41
1/3/2023,Total Retail,Overall,Msa,Edmonton,Canada,Downtown South,46.68,78.94,80.96,28.75,98.63,28.38,104.32,182.36
1/4/2023,Total Retail,Overall,Msa,Edmonton,Canada,Downtown South,44.71,74.81,76.01,28.48,100.26,28.77,109.05,142.66
1/5/2023,Total Retail,Overall,Msa,Edmonton,Canada,Downtown South,48.11,83.95,85.81,25.76,100.11,25.85,85.42,181.23
1/6/2023,Total Retail,Overall,Msa,Edmonton,Canada,Downtown South,51.24,81.83,82.38,31.69,100.24,31.74,95.47,149.05
1/7/2023,Total Retail,Overall,Msa,Edmonton,Canada,Downtown South,61.66,80.93,80.43,32.61,102.36,33.31,50.38,96.37
1/8/2023,Total Retail,Overall,Msa,Edmonton,Canada,Downtown South,46.6,60.96,59.62,35.62,102.74,36.62,26.8,60.68
1/9/2023,Total Retail,Overall,Msa,Edmonton,Canada,Downtown South,39.91,69.07,70.53,25.69,98.87,25.49,121.7,135.33
1/10/2023,Total Retail,Overall,Msa,Edmonton,Canada,Downtown South,34.83,78.96,80.72,28.87,99.46,28.76,39.37,130.99
1/11/2023,Total Retail,Overall,Msa,Edmonton,Canada,Downtown South,40.54,89.34,90.53,19.75,99.67,19.75,29.63,116
1/12/2023,Total Retail,Overall,Msa,Edmonton,Canada,Downtown South,49.66,88.64,89.36,26.93,101.65,27.31,65.27,117.11
1/13/2023,Total Retail,Overall,Msa,Edmonton,Canada,Downtown South,71.92,102.23,102.86,36.79,102.25,37.91,165.12,172.35
1/14/2023,Total Retail,Overall,Msa,Edmonton,Canada,Downtown South,79.02,98.04,94.86,37.79,104.78,39.5,82.06,93.65
1/15/2023,Total Retail,Overall,Msa,Edmonton,Canada,Downtown South,51.52,72.75,69.98,34.01,105.67,35.25,32.15,39.4
1/16/2023,Total Retail,Overall,Msa,Edmonton,Canada,Downtown South,32.53,72.83,74.77,21.05,99.18,20.95,29.01,94.34
1/17/2023,Total Retail,Overall,Msa,Edmonton,Canada,Downtown South,43.73,98.31,100.12,20.99,99.93,21.02,121.57,251.06
1/18/2023,Total Retail,Overall,Msa,Edmonton,Canada,Downtown South,53.74,95.23,96.22,33.67,99.8,33.52,118.51,229.08
1/19/2023,Total Retail,Overall,Msa,Edmonton,Canada,Downtown South,49.76,96.88,97.97,24.11,101.12,24.47,111.24,183.12
1/20/2023,Total Retail,Overall,Msa,Edmonton,Canada,Downtown South,74.26,113.49,112.96,36.98,102.69,37.74,138.62,165.61
1/21/2023,Total Retail,Overall,Msa,Edmonton,Canada,Downtown South,67.39,89.52,87.68,36.12,102.59,37.11,38.74,60.15
1/22/2023,Total Retail,Overall,Msa,Edmonton,Canada,Downtown South,47.28,72.37,69.15,32.02,104.87,33.12,-20.34,16.71
1/23/2023,Total Retail,Overall,Msa,Edmonton,Canada,Downtown South,42.01,84.18,85.53,27.04,100.46,27.17,9.24,70.8
1/24/2023,Total Retail,Overall,Msa,Edmonton,Canada,Downtown South,58.39,96.73,98.82,69.59,99.75,69.62,111.43,169.93
1/25/2023,Total Retail,Overall,Msa,Edmonton,Canada,Downtown South,69.03,109.68,111.31,31.1,101.19,31.62,132.63,188.01
1/26/2023,Total Retail,Overall,Msa,Edmonton,Canada,Downtown South,70.68,118.09,118.43,26.84,100.93,26.98,188.42,179.33
1/27/2023,Total Retail,Overall,Msa,Edmonton,Canada,Downtown South,67.62,101.55,101.6,30.57,101.27,31.06,106.33,100.31
1/28/2023,Total Retail,Overall,Msa,Edmonton,Canada,Downtown South,62.91,82.86,80.54,33.04,103.59,34.12,27.36,41.68
1/29/2023,Total Retail,Overall,Msa,Edmonton,Canada,Downtown South,48.2,58.51,57.61,37.58,102.2,38.34,10.76,2.2
1/30/2023,Total Retail,Overall,Msa,Edmonton,Canada,Downtown South,35.73,71.61,73.18,23.55,98.79,23.37,5.45,48.05
1/31/2023,Total Retail,Overall,Msa,Edmonton,Canada,Downtown South,48.99,87.92,89.6,25.06,99.19,24.9,152.34,172.21
2/1/2023,Total Retail,Overall,Msa,Edmonton,Canada,Downtown South,47.76,89.02,90.76,24.92,99.46,24.75,97.76,165.79
2/2/2023,Total Retail,Overall,Msa,Edmonton,Canada,Downtown South,54.58,89.57,90.63,47.26,100.9,47.43,78.35,139.75
2/3/2023,Total Retail,Overall,Msa,Edmonton,Canada,Downtown South,66.32,99.98,100.01,31.03,102.37,31.6,110.78,151.7
2/4/2023,Total Retail,Overall,Msa,Edmonton,Canada,Downtown South,63.27,86.41,84.47,32.68,103.4,33.66,50.96,67.59
2/5/2023,Total Retail,Overall,Msa,Edmonton,Canada,Downtown South,51.97,68.41,66.13,36.58,103.76,37.66,36.57,42.51
2/6/2023,Total Retail,Overall,Msa,Edmonton,Canada,Downtown South,35.71,69.71,71.07,23.18,99.8,23.15,35.65,46.13
2/7/2023,Total Retail,Overall,Msa,Edmonton,Canada,Downtown South,43.3,80.85,82.45,39.28,99.15,38.74,74.86,90.79
2/8/2023,Total Retail,Overall,Msa,Edmonton,Canada,Downtown South,51.11,96.4,98.75,23.91,98.33,23.55,99.49,118.08
2/9/2023,Total Retail,Overall,Msa,Edmonton,Canada,Downtown South,55.28,97.35,97.47,30.54,101.09,30.98,70.69,94.96
2/10/2023,Total Retail,Overall,Msa,Edmonton,Canada,Downtown South,76.86,110.87,111.46,30.65,101.29,30.99,142.31,126.91
2/11/2023,Total Retail,Overall,Msa,Edmonton,Canada,Downtown South,76.68,93.27,92.19,35.67,102.91,36.75,63.61,58.74
2/12/2023,Total Retail,Overall,Msa,Edmonton,Canada,Downtown South,51.78,68.57,66.33,33.34,102.81,33.94,13.22,22.99
2/13/2023,Total Retail,Overall,Msa,Edmonton,Canada,Downtown South,35.93,72.65,73.97,23.16,99.41,23.07,-28.62,24.93
2/14/2023,Total Retail,Overall,Msa,Edmonton,Canada,Downtown South,52.44,79.84,81.83,29.31,99.21,29.06,23.05,64.62
2/15/2023,Total Retail,Overall,Msa,Edmonton,Canada,Downtown South,53.46,104.88,106.19,23.07,100.88,23.16,74.38,154.43
2/16/2023,Total Retail,Overall,Msa,Edmonton,Canada,Downtown South,56.21,94.24,95.57,34.84,101,34.94,48.9,97.46
2/17/2023,Total Retail,Overall,Msa,Edmonton,Canada,Downtown South,75.27,109.52,108.65,35.37,103.39,36.39,112.32,111.73
2/18/2023,Total Retail,Overall,Msa,Edmonton,Canada,Downtown South,80.6,97.79,96.58,35.32,102.1,35.99,67.34,83.37
2/19/2023,Total Retail,Overall,Msa,Edmonton,Canada,Downtown South,66.54,79.16,75.24,41.77,104.93,43.15,13.06,35.82
2/20/2023,Total Retail,Overall,Msa,Edmonton,Canada,Downtown South,33.97,53.45,53.14,26.14,102.04,26.9,-31.51,-7.21
2/21/2023,Total Retail,Overall,Msa,Edmonton,Canada,Downtown South,39.79,77.53,78.54,23.33,99.94,23.36,4.88,61.24
2/22/2023,Total Retail,Overall,Msa,Edmonton,Canada,Downtown South,48.02,93.15,92.96,25.62,101.67,25.99,29.97,104.4
2/23/2023,Total Retail,Overall,Msa,Edmonton,Canada,Downtown South,43.14,77.9,77.52,33.29,102.6,33.63,34.28,66.63
2/24/2023,Total Retail,Overall,Msa,Edmonton,Canada,Downtown South,67.6,93.95,93.79,34.38,102.07,35.15,104.08,79.14
2/25/2023,Total Retail,Overall,Msa,Edmonton,Canada,Downtown South,70.59,89.44,86.67,35.02,102.91,36.03,36.98,45.41
2/26/2023,Total Retail,Overall,Msa,Edmonton,Canada,Downtown South,52.31,69.42,67.18,31.75,103.94,32.83,3.05,8.04
2/27/2023,Total Retail,Overall,Msa,Edmonton,Canada,Downtown South,51.74,87.49,89.21,25.76,100.61,26.02,25.01,60.93
2/28/2023,Total Retail,Overall,Msa,Edmonton,Canada,Downtown South,56.45,98.79,100.34,28.44,100.77,28.45,133.04,156.95
3/1/2023,Total Retail,Overall,Msa,Edmonton,Canada,Downtown South,55.79,99.37,102.06,25.87,98.89,25.52,99.48,131.17
3/2/2023,Total Retail,Overall,Msa,Edmonton,Canada,Downtown South,61.76,109.16,109.41,25.56,102.04,26.07,55.37,122.01
3/3/2023,Total Retail,Overall,Msa,Edmonton,Canada,Downtown South,69.24,103.26,104.45,27.83,100.66,28.11,72.58,111.67
3/4/2023,Total Retail,Overall,Msa,Edmonton,Canada,Downtown South,72.75,92.75,89.36,33.23,105.61,34.93,37.85,43.88
3/5/2023,Total Retail,Overall,Msa,Edmonton,Canada,Downtown South,52.11,69.6,67.64,31.09,105.28,32.64,-1.19,-0.43
3/6/2023,Total Retail,Overall,Msa,Edmonton,Canada,Downtown South,42.44,78.86,80.11,27.03,99.25,26.82,10.06,39.88
3/7/2023,Total Retail,Overall,Msa,Edmonton,Canada,Downtown South,46.17,84.77,84.28,25.35,102.43,26.18,57.76,111.78
3/8/2023,Total Retail,Overall,Msa,Edmonton,Canada,Downtown South,50.15,93.7,95.09,24.68,99.95,24.9,43.27,85.86
3/9/2023,Total Retail,Overall,Msa,Edmonton,Canada,Downtown South,52.13,92.18,92.8,25.75,100.83,26.22,14.79,62.99
3/10/2023,Total Retail,Overall,Msa,Edmonton,Canada,Downtown South,64.28,97.07,96.52,29.33,101.5,29.78,50.27,61.29
3/11/2023,Total Retail,Overall,Msa,Edmonton,Canada,Downtown South,80.93,105.52,99.72,35.01,106.15,36.93,32.81,56.45
3/12/2023,Total Retail,Overall,Msa,Edmonton,Canada,Downtown South,60.54,76.61,73.88,35.55,103,36.4,6.79,19.14
3/13/2023,Total Retail,Overall,Msa,Edmonton,Canada,Downtown South,46.93,82.51,82.15,24.74,101.78,25.48,-2.61,40.34
3/14/2023,Total Retail,Overall,Msa,Edmonton,Canada,Downtown South,53.73,94.79,95.74,29.02,100.8,29.74,67.08,101.24
3/15/2023,Total Retail,Overall,Msa,Edmonton,Canada,Downtown South,63.66,102.42,104.47,29.07,100.91,29.27,79.15,94.21
3/16/2023,Total Retail,Overall,Msa,Edmonton,Canada,Downtown South,61.35,108.07,110.57,24.81,100.09,24.75,38.1,69.93
3/17/2023,Total Retail,Overall,Msa,Edmonton,Canada,Downtown South,78.51,115.15,113.27,32.08,103.31,32.94,33.04,50.96
3/18/2023,Total Retail,Overall,Msa,Edmonton,Canada,Downtown South,75.44,95.23,93.66,33.77,103.08,34.92,4.71,9.26
3/19/2023,Total Retail,Overall,Msa,Edmonton,Canada,Downtown South,57.95,78.29,76.45,32.82,102.54,33.7,-2.58,4.88
3/20/2023,Total Retail,Overall,Msa,Edmonton,Canada,Downtown South,44.1,82.01,83.9,30.5,99.53,30.4,3.54,42.83
3/21/2023,Total Retail,Overall,Msa,Edmonton,Canada,Downtown South,51.29,99.66,101.34,24.11,99.84,24.19,45.39,92.51
3/22/2023,Total Retail,Overall,Msa,Edmonton,Canada,Downtown South,58.74,103.12,105.16,25.25,100.65,25.36,38.57,84.43
3/23/2023,Total Retail,Overall,Msa,Edmonton,Canada,Downtown South,53.55,96.76,98.92,26.52,98.94,26.36,-1.23,38.16
3/24/2023,Total Retail,Overall,Msa,Edmonton,Canada,Downtown South,73.15,106.29,106.24,33.42,103.36,34.5,76.37,84.33
3/25/2023,Total Retail,Overall,Msa,Edmonton,Canada,Downtown South,81.15,99.66,98.24,35.14,102.57,36.06,13.91,20.36
3/26/2023,Total Retail,Overall,Msa,Edmonton,Canada,Downtown South,70.23,86.85,83.22,41.53,104.25,42.9,-1.67,20.21
3/27/2023,Total Retail,Overall,Msa,Edmonton,Canada,Downtown South,43.73,77.66,79.67,36.43,98.75,35.93,-15.79,9.1
3/28/2023,Total Retail,Overall,Msa,Edmonton,Canada,Downtown South,45.83,82.08,83.73,26.46,101.61,27.4,31.56,45.45
3/29/2023,Total Retail,Overall,Msa,Edmonton,Canada,Downtown South,53.97,97.91,99.95,25.5,99.68,25.39,14.93,48.52
3/30/2023,Total Retail,Overall,Msa,Edmonton,Canada,Downtown South,58.21,96.95,98.59,27.16,100.65,27.33,6.07,35.57
3/31/2023,Total Retail,Overall,Msa,Edmonton,Canada,Downtown South,71.25,104.15,103.39,34.59,101.97,35.16,65.82,37.78
1/1/2023,Total Retail,Overall,Msa,Edmonton,Canada,Government,50.28,55.11,47.28,31.13,107.92,34.75,189.52,31.66
1/2/2023,Total Retail,Overall,Msa,Edmonton,Canada,Government,5.85,11.4,11.9,20.15,97.4,19.69,-63.56,-75.67
1/3/2023,Total Retail,Overall,Msa,Edmonton,Canada,Government,8.49,14.04,14.06,22.98,104.43,23,-34.52,-57.64
1/4/2023,Total Retail,Overall,Msa,Edmonton,Canada,Government,7.12,17.18,17.43,18.58,99.42,18.34,-5.87,37.84
1/5/2023,Total Retail,Overall,Msa,Edmonton,Canada,Government,11.18,19.57,19.94,22.67,98.71,22.65,-26.07,11.49
1/6/2023,Total Retail,Overall,Msa,Edmonton,Canada,Government,21.02,36.26,35.25,24.02,100.75,23.84,355.23,362.77
1/7/2023,Total Retail,Overall,Msa,Edmonton,Canada,Government,33.98,49.1,42.26,23.81,102.49,24.93,37.75,88.77
1/8/2023,Total Retail,Overall,Msa,Edmonton,Canada,Government,37.05,61.96,56.14,24.22,105.86,25.93,1.79,3.12
1/9/2023,Total Retail,Overall,Msa,Edmonton,Canada,Government,5.55,17.76,18.67,13.98,96.69,13.58,-65.89,-57.52
1/10/2023,Total Retail,Overall,Msa,Edmonton,Canada,Government,11.9,22.99,22.76,25.02,101.85,25.08,118.24,109.22
1/11/2023,Total Retail,Overall,Msa,Edmonton,Canada,Government,13.28,24.77,26.04,17.98,96.73,17.45,78.8,25.21
1/12/2023,Total Retail,Overall,Msa,Edmonton,Canada,Government,28.56,46.75,45.75,19.29,101.49,19.84,-16.98,84.91
1/13/2023,Total Retail,Overall,Msa,Edmonton,Canada,Government,43.23,55.19,55.64,22,98.56,22.3,110.18,110.92
1/14/2023,Total Retail,Overall,Msa,Edmonton,Canada,Government,77.11,83.4,73.99,24.47,103.16,26.52,96.56,133.38
1/15/2023,Total Retail,Overall,Msa,Edmonton,Canada,Government,34.65,55.74,48.31,26.49,108.83,28.98,16.35,2.48
1/16/2023,Total Retail,Overall,Msa,Edmonton,Canada,Government,9.42,26.61,27.35,17.78,98.51,17.42,-39.87,-44.11
1/17/2023,Total Retail,Overall,Msa,Edmonton,Canada,Government,9.64,26.81,27.64,14.56,98.95,14.24,34.92,25.87
1/18/2023,Total Retail,Overall,Msa,Edmonton,Canada,Government,26.1,39.44,38.75,20.06,100.73,20.32,-45.16,120.06
1/19/2023,Total Retail,Overall,Msa,Edmonton,Canada,Government,27.01,39.8,41.4,25.84,97.09,25.26,349.1,193.41
1/20/2023,Total Retail,Overall,Msa,Edmonton,Canada,Government,46.84,63.72,66.02,22.86,98.54,22.39,284.73,151.28
1/21/2023,Total Retail,Overall,Msa,Edmonton,Canada,Government,63.42,77.59,73.48,47.05,100.47,46.83,80.81,133.85
1/22/2023,Total Retail,Overall,Msa,Edmonton,Canada,Government,30.99,54.74,42.03,27.72,119.45,32.09,-27.06,-17.84
1/23/2023,Total Retail,Overall,Msa,Edmonton,Canada,Government,9.3,28.77,30.4,15.05,96.32,14.55,-69.74,-62.47
1/24/2023,Total Retail,Overall,Msa,Edmonton,Canada,Government,13.06,27.5,29.03,23.1,96.34,22.33,76.82,59.62
1/25/2023,Total Retail,Overall,Msa,Edmonton,Canada,Government,52.64,35.63,37.13,46.16,96.76,45.1,584.56,89.6
1/26/2023,Total Retail,Overall,Msa,Edmonton,Canada,Government,37.65,66.36,62.09,19.1,106.84,20.65,139.45,69.31
1/27/2023,Total Retail,Overall,Msa,Edmonton,Canada,Government,32.4,49.86,48.01,27.01,102.16,27.26,91.12,23.8
1/28/2023,Total Retail,Overall,Msa,Edmonton,Canada,Government,80.27,122.85,108.93,29.1,106.15,30.89,207.14,143.89
1/29/2023,Total Retail,Overall,Msa,Edmonton,Canada,Government,20.72,27.32,26.39,33.63,99.86,33.64,-35.56,-64.89
1/30/2023,Total Retail,Overall,Msa,Edmonton,Canada,Government,7.65,20.12,20.71,22.46,97.81,21.9,-74.47,-72.54
1/31/2023,Total Retail,Overall,Msa,Edmonton,Canada,Government,11.69,30.82,31.16,14.79,100.37,14.59,49.2,22.68
2/1/2023,Total Retail,Overall,Msa,Edmonton,Canada,Government,16.08,31.13,32.14,19.19,97.27,18.77,75.76,54.23
2/2/2023,Total Retail,Overall,Msa,Edmonton,Canada,Government,35.34,29.23,30.77,187.45,96.97,184.55,291.94,70.26
2/3/2023,Total Retail,Overall,Msa,Edmonton,Canada,Government,24.78,42.56,41.26,29.45,100.85,29.37,23.03,54.92
2/4/2023,Total Retail,Overall,Msa,Edmonton,Canada,Government,59,95.43,84.41,29.62,105.5,31.12,47.91,220.53
2/5/2023,Total Retail,Overall,Msa,Edmonton,Canada,Government,31.01,45.31,37.47,36.9,108.9,38.97,-11.89,-12.34
2/6/2023,Total Retail,Overall,Msa,Edmonton,Canada,Government,17.51,32.99,33.01,22.34,101.28,22.98,-33.95,-49.39
2/7/2023,Total Retail,Overall,Msa,Edmonton,Canada,Government,24.22,26.2,25.86,105.2,99.74,102.45,168.71,-3.48
2/8/2023,Total Retail,Overall,Msa,Edmonton,Canada,Government,19.14,43.9,44.08,19.65,100.01,19.4,-56.88,-0.44
2/9/2023,Total Retail,Overall,Msa,Edmonton,Canada,Government,48.37,80.23,77.4,29.3,101.86,29.65,10.72,114.26
2/10/2023,Total Retail,Overall,Msa,Edmonton,Canada,Government,37.07,57.8,57.95,22.76,99.22,22.56,163.46,74.74
2/11/2023,Total Retail,Overall,Msa,Edmonton,Canada,Government,64.22,79.09,73.91,36.88,100.91,37.31,29.21,65.15
2/12/2023,Total Retail,Overall,Msa,Edmonton,Canada,Government,32.12,47.42,43.47,32.09,103.23,32.94,-23.93,-20.34
2/13/2023,Total Retail,Overall,Msa,Edmonton,Canada,Government,7.2,22.24,22.08,17.65,101.07,17.61,-91.29,-87.22
2/14/2023,Total Retail,Overall,Msa,Edmonton,Canada,Government,30.6,29.05,28.26,33.86,102.66,33.75,-20.36,-20.6
2/15/2023,Total Retail,Overall,Msa,Edmonton,Canada,Government,26.59,47.79,47.34,23.04,104.08,23.11,127.49,67.47
2/16/2023,Total Retail,Overall,Msa,Edmonton,Canada,Government,36.11,27.53,28.74,43.15,96.85,42.41,141,-18.52
2/17/2023,Total Retail,Overall,Msa,Edmonton,Canada,Government,43.81,58.46,58.06,20.84,98.87,21.13,63.3,35.07
2/18/2023,Total Retail,Overall,Msa,Edmonton,Canada,Government,59.4,78.36,71.79,25.72,102.07,26.77,316.65,152.87
2/19/2023,Total Retail,Overall,Msa,Edmonton,Canada,Government,53.7,89.61,70.81,18.08,114.66,22.55,32.87,71.88
2/20/2023,Total Retail,Overall,Msa,Edmonton,Canada,Government,16.26,21.56,22.01,28.51,101.36,28.48,-38.13,-72.87
2/21/2023,Total Retail,Overall,Msa,Edmonton,Canada,Government,14.81,29.84,30.83,23.17,98.28,22.59,-53.97,-66.37
2/22/2023,Total Retail,Overall,Msa,Edmonton,Canada,Government,31.11,49.26,49.69,18.82,98.22,18.83,87.39,10.08
2/23/2023,Total Retail,Overall,Msa,Edmonton,Canada,Government,26.62,28.57,29.2,99.75,98.56,96.64,25.5,-38.9
2/24/2023,Total Retail,Overall,Msa,Edmonton,Canada,Government,41.84,78.2,71.54,12.98,105.7,14.28,90.13,106.42
2/25/2023,Total Retail,Overall,Msa,Edmonton,Canada,Government,67.88,104.7,85.01,24.64,107.28,26.95,64.68,111.8
2/26/2023,Total Retail,Overall,Msa,Edmonton,Canada,Government,45.9,69.51,59.52,32.53,108.45,34.88,-13.46,-18.53
2/27/2023,Total Retail,Overall,Msa,Edmonton,Canada,Government,10.46,25.78,26.28,17.12,101.87,16.96,-66.89,-72.16
2/28/2023,Total Retail,Overall,Msa,Edmonton,Canada,Government,15.92,29.91,29.36,41.46,100.54,41.19,89.39,30.95
3/1/2023,Total Retail,Overall,Msa,Edmonton,Canada,Government,19.7,40.62,41.53,16.78,100.46,16.67,17.16,54.51
3/2/2023,Total Retail,Overall,Msa,Edmonton,Canada,Government,30.43,44.76,45.32,21.71,101.46,21.6,144.99,61.2
3/3/2023,Total Retail,Overall,Msa,Edmonton,Canada,Government,36.72,51.08,48.49,16.46,104.08,17.16,113.84,19.48
3/4/2023,Total Retail,Overall,Msa,Edmonton,Canada,Government,73.44,99.03,90.15,30.89,107.09,33.43,42.16,14.59
3/5/2023,Total Retail,Overall,Msa,Edmonton,Canada,Government,22,41.23,35.58,18.58,104.84,20.07,-72.49,-71.91
3/6/2023,Total Retail,Overall,Msa,Edmonton,Canada,Government,14.47,28.41,29.93,21.1,96.56,20.54,-36.56,-54.91
3/7/2023,Total Retail,Overall,Msa,Edmonton,Canada,Government,20.74,28.25,28.68,26.46,98.97,26.24,27.08,-15.56
3/8/2023,Total Retail,Overall,Msa,Edmonton,Canada,Government,27.37,44.27,46.03,21.44,97.56,20.84,8.73,-17.13
3/9/2023,Total Retail,Overall,Msa,Edmonton,Canada,Government,45.16,40.42,40.77,34.9,100.54,35.16,158.54,11.54
3/10/2023,Total Retail,Overall,Msa,Edmonton,Canada,Government,30.87,49.09,43.57,26.88,102.86,27.39,91.92,12.64
3/11/2023,Total Retail,Overall,Msa,Edmonton,Canada,Government,59.87,87.38,75.1,29.31,105.04,30.91,69.94,35.69
3/12/2023,Total Retail,Overall,Msa,Edmonton,Canada,Government,34.52,54.13,47.37,31.33,108.31,33.36,-50.53,-51.79
3/13/2023,Total Retail,Overall,Msa,Edmonton,Canada,Government,33.35,35.01,31.03,25.69,109.42,30.83,-32.65,-76.3
3/14/2023,Total Retail,Overall,Msa,Edmonton,Canada,Government,19.72,36.47,34.75,18,103.98,19.18,116.15,32.45
3/15/2023,Total Retail,Overall,Msa,Edmonton,Canada,Government,32.32,46.53,44.55,32.52,100.09,32.53,80.31,3.83
3/16/2023,Total Retail,Overall,Msa,Edmonton,Canada,Government,25.46,43.7,43.13,20.66,105.37,21.26,-33.05,-3.88
3/17/2023,Total Retail,Overall,Msa,Edmonton,Canada,Government,32.62,57.89,53.84,20.76,104.31,21.35,25.03,-9.46
3/18/2023,Total Retail,Overall,Msa,Edmonton,Canada,Government,80.55,112.56,99.49,31.66,106.02,33.82,100.51,32.53
3/19/2023,Total Retail,Overall,Msa,Edmonton,Canada,Government,31.76,50.67,45.57,28.61,104.08,29.72,-64.47,-67.11
3/20/2023,Total Retail,Overall,Msa,Edmonton,Canada,Government,28.71,22.79,24.09,70.5,96.39,68.27,-69.37,-91.27
3/21/2023,Total Retail,Overall,Msa,Edmonton,Canada,Government,41.53,29.19,28.86,39.27,101.16,39.83,283.72,-2.69
3/22/2023,Total Retail,Overall,Msa,Edmonton,Canada,Government,38.12,35.85,37.41,26.34,97.37,25.59,121.87,-16.89
3/23/2023,Total Retail,Overall,Msa,Edmonton,Canada,Government,28.54,30.58,29.26,25.26,100.97,25.72,-8.59,-28.18
3/24/2023,Total Retail,Overall,Msa,Edmonton,Canada,Government,27.72,46.02,44.53,19.03,106.47,19.78,30.71,-13.45
3/25/2023,Total Retail,Overall,Msa,Edmonton,Canada,Government,71.61,100.88,89.19,28.82,107.56,31.38,72.02,67.05
3/26/2023,Total Retail,Overall,Msa,Edmonton,Canada,Government,52.29,87.78,69.85,27.52,114.19,31.12,-42.19,-33.68
3/27/2023,Total Retail,Overall,Msa,Edmonton,Canada,Government,15.76,27.34,26.97,22.95,103.67,22.97,-68.37,-79.85
3/28/2023,Total Retail,Overall,Msa,Edmonton,Canada,Government,22.13,19.24,17.73,32.76,107.05,36.36,59.68,-54
3/29/2023,Total Retail,Overall,Msa,Edmonton,Canada,Government,19.29,40.54,37.58,16.91,106.54,17.63,-9.99,-32.01
3/30/2023,Total Retail,Overall,Msa,Edmonton,Canada,Government,46.05,50.81,52.6,25.45,98.75,24.84,94.51,3.02
3/31/2023,Total Retail,Overall,Msa,Edmonton,Canada,Government,32.88,43.72,43.73,41.42,98.71,40.96,-11.49,-28.73
1/1/2023,Total Retail,Overall,Msa,Edmonton,Canada,Ice District,256.66,224.39,190.5,69.08,111.9,74.35,255.74,635.6
1/2/2023,Total Retail,Overall,Msa,Edmonton,Canada,Ice District,95.69,77.43,76.05,69.81,101.3,70.55,108.12,185.67
1/3/2023,Total Retail,Overall,Msa,Edmonton,Canada,Ice District,422.05,598.4,467.78,40.44,115.01,46.29,1282.59,1613.64
1/4/2023,Total Retail,Overall,Msa,Edmonton,Canada,Ice District,103.67,138.6,136.82,37.65,102.27,38.66,195.06,124.89
1/5/2023,Total Retail,Overall,Msa,Edmonton,Canada,Ice District,426.48,566.03,447.81,40.18,113.77,45.42,635.32,762.05
1/6/2023,Total Retail,Overall,Msa,Edmonton,Canada,Ice District,195.56,185.43,174,50.95,106.06,53.84,475.42,251.5
1/7/2023,Total Retail,Overall,Msa,Edmonton,Canada,Ice District,622.64,787.46,564.53,47.22,121.49,55.57,1229.04,1321.86
1/8/2023,Total Retail,Overall,Msa,Edmonton,Canada,Ice District,174.74,173.14,160.26,53.69,106.56,56.7,193.92,287.6
1/9/2023,Total Retail,Overall,Msa,Edmonton,Canada,Ice District,67.9,105.2,106.34,34.72,100.26,34.99,66.76,205.16
1/10/2023,Total Retail,Overall,Msa,Edmonton,Canada,Ice District,85.78,151.52,148.89,28.87,102.24,29.63,26.9,153.31
1/11/2023,Total Retail,Overall,Msa,Edmonton,Canada,Ice District,81.28,137.38,137.19,31.31,102.04,31.91,75.72,153.2
1/12/2023,Total Retail,Overall,Msa,Edmonton,Canada,Ice District,164.65,134.54,135.34,69.17,101.17,71.18,251.09,106.43
1/13/2023,Total Retail,Overall,Msa,Edmonton,Canada,Ice District,115.76,132.76,131.26,42.62,102.39,43.69,131,112.17
1/14/2023,Total Retail,Overall,Msa,Edmonton,Canada,Ice District,175.52,207.21,183.11,45.79,109.86,49.62,117.86,165.44
1/15/2023,Total Retail,Overall,Msa,Edmonton,Canada,Ice District,76.29,76.77,72.73,51.26,104.79,53.34,-64.55,-51.64
1/16/2023,Total Retail,Overall,Msa,Edmonton,Canada,Ice District,53.63,102.69,103.35,25.69,100.73,25.95,-26.05,163.84
1/17/2023,Total Retail,Overall,Msa,Edmonton,Canada,Ice District,459.41,591.24,470.54,44.62,111.43,50.04,937.62,1048.83
1/18/2023,Total Retail,Overall,Msa,Edmonton,Canada,Ice District,101.37,136.02,137.03,39.07,100.41,39.51,101.57,100.63
1/19/2023,Total Retail,Overall,Msa,Edmonton,Canada,Ice District,444.55,615.17,469.78,36.36,112.68,41.07,1040.57,988.98
1/20/2023,Total Retail,Overall,Msa,Edmonton,Canada,Ice District,191.79,161.48,162.12,55.33,101.04,56.48,18.77,14.03
1/21/2023,Total Retail,Overall,Msa,Edmonton,Canada,Ice District,211.64,229.38,202.59,50.51,109.02,54.83,74.33,144.65
1/22/2023,Total Retail,Overall,Msa,Edmonton,Canada,Ice District,150.16,180.46,151.79,50.64,113.95,57.72,-25.68,18.18
1/23/2023,Total Retail,Overall,Msa,Edmonton,Canada,Ice District,134.95,101.23,100.61,71.91,101.5,72.5,283.25,211.28
1/24/2023,Total Retail,Overall,Msa,Edmonton,Canada,Ice District,116.46,142.97,142.81,44.55,101.77,45.16,202.96,120.8
1/25/2023,Total Retail,Overall,Msa,Edmonton,Canada,Ice District,440.58,581.99,451.77,38.68,114.52,44.11,778.39,901.14
1/26/2023,Total Retail,Overall,Msa,Edmonton,Canada,Ice District,168.36,175.2,174.86,46.31,101.68,47.1,181.29,157.26
1/27/2023,Total Retail,Overall,Msa,Edmonton,Canada,Ice District,179.26,197.31,184.63,45.26,106.17,47.56,19.92,40.52
1/28/2023,Total Retail,Overall,Msa,Edmonton,Canada,Ice District,710.57,889.62,633.82,47.81,118.03,54.42,508.07,845.29
1/29/2023,Total Retail,Overall,Msa,Edmonton,Canada,Ice District,223.45,226.51,192.67,49.81,111.92,54.79,67.3,122.47
1/30/2023,Total Retail,Overall,Msa,Edmonton,Canada,Ice District,100.61,121.12,119.23,52.52,103.62,53.79,26.31,102.64
1/31/2023,Total Retail,Overall,Msa,Edmonton,Canada,Ice District,96.09,143.99,144.7,39.67,101.21,40.36,130.71,197.94
2/1/2023,Total Retail,Overall,Msa,Edmonton,Canada,Ice District,89.52,144.74,146.84,34.34,99.86,34.35,93.09,131.85
2/2/2023,Total Retail,Overall,Msa,Edmonton,Canada,Ice District,133.63,133.78,134.67,54.52,101.31,54.93,73.23,78.19
2/3/2023,Total Retail,Overall,Msa,Edmonton,Canada,Ice District,195.56,235.87,217.21,42.26,107.08,45.15,226.39,276.75
2/4/2023,Total Retail,Overall,Msa,Edmonton,Canada,Ice District,146.36,137.97,133.42,56.02,103.45,57.76,94.93,71.14
2/5/2023,Total Retail,Overall,Msa,Edmonton,Canada,Ice District,130.66,89.58,84.4,75.47,106.04,80.74,67.61,31.38
2/6/2023,Total Retail,Overall,Msa,Edmonton,Canada,Ice District,79.38,119.9,119.2,37.85,102.55,38.78,8.7,253.48
2/7/2023,Total Retail,Overall,Msa,Edmonton,Canada,Ice District,111.31,157.1,157.38,38.21,101.29,38.95,172.16,168.92
2/8/2023,Total Retail,Overall,Msa,Edmonton,Canada,Ice District,133.27,153.06,155.1,44.41,100.12,44.59,-26.34,-8.96
2/9/2023,Total Retail,Overall,Msa,Edmonton,Canada,Ice District,128.8,160.4,160.87,40.93,101.03,41.13,-54.36,-57.25
2/10/2023,Total Retail,Overall,Msa,Edmonton,Canada,Ice District,169.92,169.02,167.17,49.75,101.93,51.17,153.13,103.79
2/11/2023,Total Retail,Overall,Msa,Edmonton,Canada,Ice District,401.98,547.35,416.58,42.4,116.94,48.14,20.1,20.07
2/12/2023,Total Retail,Overall,Msa,Edmonton,Canada,Ice District,113.92,102.96,97.45,54.01,105.65,56.68,19.9,40.18
2/13/2023,Total Retail,Overall,Msa,Edmonton,Canada,Ice District,89.53,114.48,116.07,40.48,100.41,41.36,88.08,180.94
2/14/2023,Total Retail,Overall,Msa,Edmonton,Canada,Ice District,129.98,184.4,184.15,37.54,100.84,37.76,-18.09,94.88
2/15/2023,Total Retail,Overall,Msa,Edmonton,Canada,Ice District,523.45,653.86,516.99,40.91,112.33,45.51,888.37,812.79
2/16/2023,Total Retail,Overall,Msa,Edmonton,Canada,Ice District,152.96,172.05,172.53,44.84,101.13,45.73,26.88,115.81
2/17/2023,Total Retail,Overall,Msa,Edmonton,Canada,Ice District,544.84,682.19,511.12,42.83,117.5,49.56,52.39,39.84
2/18/2023,Total Retail,Overall,Msa,Edmonton,Canada,Ice District,301.64,286.62,250.1,58.09,110.29,62.83,125.15,159.54
2/19/2023,Total Retail,Overall,Msa,Edmonton,Canada,Ice District,216.05,124.55,119.34,77.99,104.39,81.81,33.2,-24.21
2/20/2023,Total Retail,Overall,Msa,Edmonton,Canada,Ice District,174.35,246.98,205.61,41.05,115.28,46.74,-55.93,-54.71
2/21/2023,Total Retail,Overall,Msa,Edmonton,Canada,Ice District,425.57,601.37,466.32,34.03,114.81,38.72,304.57,251.22
2/22/2023,Total Retail,Overall,Msa,Edmonton,Canada,Ice District,117.95,141.71,142.3,40.84,101.26,41.97,93.83,95.5
2/23/2023,Total Retail,Overall,Msa,Edmonton,Canada,Ice District,160.35,142.29,143.19,59.23,101.49,60.39,203.29,103.24
2/24/2023,Total Retail,Overall,Msa,Edmonton,Canada,Ice District,212.87,250.17,227.36,51.29,106.22,53.96,231.12,247.41
2/25/2023,Total Retail,Overall,Msa,Edmonton,Canada,Ice District,140.06,134.15,129.79,47.49,104.18,49.31,-30.67,-41.54
2/26/2023,Total Retail,Overall,Msa,Edmonton,Canada,Ice District,199.07,237.3,201.09,49.68,113.39,55.32,42.42,61.54
2/27/2023,Total Retail,Overall,Msa,Edmonton,Canada,Ice District,467.62,623.71,488.71,38.83,113.37,43.84,786.16,1809.18
2/28/2023,Total Retail,Overall,Msa,Edmonton,Canada,Ice District,228.49,199.22,192.14,55.2,104.16,57.53,168.15,202.44
3/1/2023,Total Retail,Overall,Msa,Edmonton,Canada,Ice District,594.28,686.4,509.47,48.71,113.89,56.1,916.8,914.49
3/2/2023,Total Retail,Overall,Msa,Edmonton,Canada,Ice District,360.52,414.07,357.6,46.93,109.36,51.4,412.5,303.07
3/3/2023,Total Retail,Overall,Msa,Edmonton,Canada,Ice District,718.17,807.08,600.72,49.17,116.18,56.79,711.05,998.87
3/4/2023,Total Retail,Overall,Msa,Edmonton,Canada,Ice District,247.84,250.52,220.11,54.8,110.18,59.48,20.87,37.51
3/5/2023,Total Retail,Overall,Msa,Edmonton,Canada,Ice District,109.99,77.64,73.18,69.9,105.81,74.6,-79.78,-89.21
3/6/2023,Total Retail,Overall,Msa,Edmonton,Canada,Ice District,87.61,130.45,129.85,36.14,101.56,36.66,112,284
3/7/2023,Total Retail,Overall,Msa,Edmonton,Canada,Ice District,83.97,135.96,138.09,33.42,99.97,33.53,24.75,98.6
3/8/2023,Total Retail,Overall,Msa,Edmonton,Canada,Ice District,110.57,157.57,158.03,37.56,101.33,38.53,56.73,89.48
3/9/2023,Total Retail,Overall,Msa,Edmonton,Canada,Ice District,153.94,165.44,166.31,45.9,101.27,46.41,-63.69,-74.67
3/10/2023,Total Retail,Overall,Msa,Edmonton,Canada,Ice District,184.93,151.79,153.23,58.67,100.04,58.45,28.19,66.33
3/11/2023,Total Retail,Overall,Msa,Edmonton,Canada,Ice District,147.25,129.33,124.77,59.88,104.06,62.26,-3.4,20.38
3/12/2023,Total Retail,Overall,Msa,Edmonton,Canada,Ice District,101.14,107.61,102.4,48.5,104.71,50.57,-79.69,-84.83
3/13/2023,Total Retail,Overall,Msa,Edmonton,Canada,Ice District,203.27,321.87,294.59,33.17,105.86,34.92,195.33,602.32
3/14/2023,Total Retail,Overall,Msa,Edmonton,Canada,Ice District,533.6,703.02,556.23,43.83,114.27,49.06,778.31,866.73
3/15/2023,Total Retail,Overall,Msa,Edmonton,Canada,Ice District,146.49,169.49,167.99,43.95,102.23,45.1,-57.29,-64.68
3/16/2023,Total Retail,Overall,Msa,Edmonton,Canada,Ice District,567.4,687.29,539.59,44.29,113.3,49.84,420.68,412.12
3/17/2023,Total Retail,Overall,Msa,Edmonton,Canada,Ice District,247.26,264.78,240.1,47.88,108.05,50.98,-31.28,-48.17
3/18/2023,Total Retail,Overall,Msa,Edmonton,Canada,Ice District,210.64,267.91,226.66,44.89,112.31,49.43,-6.35,16.44
3/19/2023,Total Retail,Overall,Msa,Edmonton,Canada,Ice District,128.95,113.86,109.99,61.31,102.97,62.61,-71.72,-81.24
3/20/2023,Total Retail,Overall,Msa,Edmonton,Canada,Ice District,399.31,581.32,453.39,35.37,115.01,40.26,239.48,1082.34
3/21/2023,Total Retail,Overall,Msa,Edmonton,Canada,Ice District,182.81,161.57,162.78,62.56,101.09,63.8,237.22,125.21
3/22/2023,Total Retail,Overall,Msa,Edmonton,Canada,Ice District,574.65,721.65,561.56,47.07,114.2,53.84,923.78,755.88
3/23/2023,Total Retail,Overall,Msa,Edmonton,Canada,Ice District,161.08,160.72,163.34,49.19,100.16,49.42,99.74,89.77
3/24/2023,Total Retail,Overall,Msa,Edmonton,Canada,Ice District,228.16,161.95,162.71,64.37,101.31,65.24,-43.68,-71.73
3/25/2023,Total Retail,Overall,Msa,Edmonton,Canada,Ice District,758.3,974.37,700.16,49.44,121.56,57.87,408.33,685.68
3/26/2023,Total Retail,Overall,Msa,Edmonton,Canada,Ice District,109.26,113.73,108.28,43.96,106.7,46.98,-13.06,21.91
3/27/2023,Total Retail,Overall,Msa,Edmonton,Canada,Ice District,98.46,117.9,115.13,40.06,104.26,42.49,-47.5,-52.89
3/28/2023,Total Retail,Overall,Msa,Edmonton,Canada,Ice District,134.7,139.7,140.74,58,101.17,59.13,-56.64,-69.57
3/29/2023,Total Retail,Overall,Msa,Edmonton,Canada,Ice District,80.47,143.3,144.07,30.21,100.63,30.49,-23.83,58.41
3/30/2023,Total Retail,Overall,Msa,Edmonton,Canada,Ice District,561.26,728.11,558,38.62,116.22,44.7,32.34,36.26
3/31/2023,Total Retail,Overall,Msa,Edmonton,Canada,Ice District,190.27,149.71,148.83,55.92,103.12,57.94,118.48,65.76
1/1/2023,Total Retail,Overall,Msa,Edmonton,Canada,Park and Hotel,91.88,61.97,62.12,65.98,99.12,65.9,-53.86,25.15
1/2/2023,Total Retail,Overall,Msa,Edmonton,Canada,Park and Hotel,113.2,39.17,37.53,90.56,104.46,98.66,108.49,28.53
1/3/2023,Total Retail,Overall,Msa,Edmonton,Canada,Park and Hotel,113.62,58.85,59.29,85.43,100.44,86.03,87.59,133.54
1/4/2023,Total Retail,Overall,Msa,Edmonton,Canada,Park and Hotel,86.27,67.87,68.7,52.98,100.42,54.3,57.39,132.36
1/5/2023,Total Retail,Overall,Msa,Edmonton,Canada,Park and Hotel,83.82,69.32,69.61,53.15,101.73,54.07,90.97,104.46
1/6/2023,Total Retail,Overall,Msa,Edmonton,Canada,Park and Hotel,101.87,80.4,82.22,58.55,99.74,58.6,107.81,152.96
1/7/2023,Total Retail,Overall,Msa,Edmonton,Canada,Park and Hotel,118.96,70.99,69.8,68.33,112.89,72.91,96.95,80.17
1/8/2023,Total Retail,Overall,Msa,Edmonton,Canada,Park and Hotel,104.63,45.37,43.62,67.94,104.93,72.56,60.64,17.3
1/9/2023,Total Retail,Overall,Msa,Edmonton,Canada,Park and Hotel,93.82,72.57,73.96,60.83,100.36,62.51,61.62,195.08
1/10/2023,Total Retail,Overall,Msa,Edmonton,Canada,Park and Hotel,101.4,83.9,85.74,53.37,100.41,53.99,98.98,154.66
1/11/2023,Total Retail,Overall,Msa,Edmonton,Canada,Park and Hotel,80.68,85.28,85.17,48.7,101.84,49.76,68.31,119.41
1/12/2023,Total Retail,Overall,Msa,Edmonton,Canada,Park and Hotel,97.51,88.19,89.49,51.54,101.94,52.69,37,91.38
1/13/2023,Total Retail,Overall,Msa,Edmonton,Canada,Park and Hotel,159.36,105.63,106.71,65.49,101.15,67.1,221.05,181.24
1/14/2023,Total Retail,Overall,Msa,Edmonton,Canada,Park and Hotel,123.44,83.29,83.26,67.08,106.3,69.96,96.14,48.86
1/15/2023,Total Retail,Overall,Msa,Edmonton,Canada,Park and Hotel,125.67,74.11,73.51,85.29,100.68,86.31,2.27,22.29
1/16/2023,Total Retail,Overall,Msa,Edmonton,Canada,Park and Hotel,121.48,85.27,87.59,65.09,99.56,66.62,64.84,161.07
1/17/2023,Total Retail,Overall,Msa,Edmonton,Canada,Park and Hotel,142.91,104.55,105.71,70.55,101.05,70.37,179.86,208.76
1/18/2023,Total Retail,Overall,Msa,Edmonton,Canada,Park and Hotel,110.73,101.66,102.79,54.08,100.76,55.18,81.05,236.88
1/19/2023,Total Retail,Overall,Msa,Edmonton,Canada,Park and Hotel,174.97,108.66,111.31,83.15,100.87,85.43,93.55,154.7
1/20/2023,Total Retail,Overall,Msa,Edmonton,Canada,Park and Hotel,137.35,124.27,126.51,52.63,100.59,53.92,107.74,187.64
1/21/2023,Total Retail,Overall,Msa,Edmonton,Canada,Park and Hotel,118.25,75.53,76.97,71.1,100.34,73.05,2.11,27.08
1/22/2023,Total Retail,Overall,Msa,Edmonton,Canada,Park and Hotel,137.89,55.14,54.79,85.62,100.11,86.85,10.32,-25.5
1/23/2023,Total Retail,Overall,Msa,Edmonton,Canada,Park and Hotel,128.81,79.96,81.26,67.23,99.71,67.52,175.24,199.89
1/24/2023,Total Retail,Overall,Msa,Edmonton,Canada,Park and Hotel,153.07,111.7,112.96,64.3,101.77,65.77,52.91,204.14
1/25/2023,Total Retail,Overall,Msa,Edmonton,Canada,Park and Hotel,121.91,103.13,104.38,58.3,101.26,59.81,62.94,93.6
1/26/2023,Total Retail,Overall,Msa,Edmonton,Canada,Park and Hotel,169.26,117.85,118.42,67.01,100.77,69.52,6.83,118.75
1/27/2023,Total Retail,Overall,Msa,Edmonton,Canada,Park and Hotel,154.07,109.26,110.86,63.62,101.19,64.92,158.84,139.57
1/28/2023,Total Retail,Overall,Msa,Edmonton,Canada,Park and Hotel,140.15,86.36,85.32,73.21,102.15,75.38,35.5,25.09
1/29/2023,Total Retail,Overall,Msa,Edmonton,Canada,Park and Hotel,170.35,64.59,63.48,92.2,101.23,94.92,16.02,-9.07
1/30/2023,Total Retail,Overall,Msa,Edmonton,Canada,Park and Hotel,91.8,75.03,75.68,53.45,100.23,54.46,18.94,145.55
1/31/2023,Total Retail,Overall,Msa,Edmonton,Canada,Park and Hotel,115.79,89.46,90.96,60.45,100.64,62.72,96.91,193.34
2/1/2023,Total Retail,Overall,Msa,Edmonton,Canada,Park and Hotel,112.31,73.57,74.78,70.02,99.82,70.9,172.04,71.67
2/2/2023,Total Retail,Overall,Msa,Edmonton,Canada,Park and Hotel,90.89,86.89,90.19,51.67,98.22,50.84,49.49,110.18
2/3/2023,Total Retail,Overall,Msa,Edmonton,Canada,Park and Hotel,143.7,116.97,118.63,61.15,101.25,62.22,58.21,156.36
2/4/2023,Total Retail,Overall,Msa,Edmonton,Canada,Park and Hotel,99.04,75.25,75.5,52.85,101.32,54.47,12.62,32
2/5/2023,Total Retail,Overall,Msa,Edmonton,Canada,Park and Hotel,110.43,57.53,58.06,60.83,99.39,61.32,8.69,-4.24
2/6/2023,Total Retail,Overall,Msa,Edmonton,Canada,Park and Hotel,109.27,68.46,69.44,71.71,100.01,74.87,-13.59,45.57
2/7/2023,Total Retail,Overall,Msa,Edmonton,Canada,Park and Hotel,140.55,103.79,103.75,61.67,101.93,64.03,190.59,179.99
2/8/2023,Total Retail,Overall,Msa,Edmonton,Canada,Park and Hotel,161.25,130.23,125.18,59.34,102.8,62.1,156.42,214.72
2/9/2023,Total Retail,Overall,Msa,Edmonton,Canada,Park and Hotel,126.98,95.88,97.9,61.81,99.9,62.45,148.74,80.58
2/10/2023,Total Retail,Overall,Msa,Edmonton,Canada,Park and Hotel,185.11,137.34,141.09,66.99,99.67,67.41,90.61,173.78
2/11/2023,Total Retail,Overall,Msa,Edmonton,Canada,Park and Hotel,117.12,81.24,80.51,55.97,105.07,57.61,9.69,5.53
2/12/2023,Total Retail,Overall,Msa,Edmonton,Canada,Park and Hotel,154.46,69.78,69.01,73.7,101.81,76.19,2.17,-20.86
2/13/2023,Total Retail,Overall,Msa,Edmonton,Canada,Park and Hotel,97.01,75.83,77.45,53.41,99.61,53.57,34.68,67.84
2/14/2023,Total Retail,Overall,Msa,Edmonton,Canada,Park and Hotel,165.81,113.15,117.29,68.66,98.36,68.66,78.17,85.25
2/15/2023,Total Retail,Overall,Msa,Edmonton,Canada,Park and Hotel,154.77,127.53,130.89,54.49,99.18,54.44,127.46,142.07
2/16/2023,Total Retail,Overall,Msa,Edmonton,Canada,Park and Hotel,162.34,115.54,115.01,63.49,101.98,66.37,148.15,121.14
2/17/2023,Total Retail,Overall,Msa,Edmonton,Canada,Park and Hotel,168.11,133.14,137.1,68.32,99.55,67.93,118.61,108.04
2/18/2023,Total Retail,Overall,Msa,Edmonton,Canada,Park and Hotel,143.05,82.17,84.25,71.34,98.49,70.81,9.14,16.82
2/19/2023,Total Retail,Overall,Msa,Edmonton,Canada,Park and Hotel,190.98,77.95,75.72,90.44,102.95,94.13,45.37,-1.66
2/20/2023,Total Retail,Overall,Msa,Edmonton,Canada,Park and Hotel,156.73,65.75,64.98,69.62,102.22,72.02,38.55,15.61
2/21/2023,Total Retail,Overall,Msa,Edmonton,Canada,Park and Hotel,98.64,92.89,92.96,44.03,101.18,44.8,-28.87,83.46
2/22/2023,Total Retail,Overall,Msa,Edmonton,Canada,Park and Hotel,188.65,113.83,116.53,80.97,99.62,82.11,34.32,87.9
2/23/2023,Total Retail,Overall,Msa,Edmonton,Canada,Park and Hotel,140.71,99.65,99.19,60.24,103.93,63.09,106.48,73.8
2/24/2023,Total Retail,Overall,Msa,Edmonton,Canada,Park and Hotel,228.45,112.81,114.05,87.67,100.73,89.09,173.89,110.8
2/25/2023,Total Retail,Overall,Msa,Edmonton,Canada,Park and Hotel,144.29,91.54,93.26,69.85,99.8,70.74,62.5,32.46
2/26/2023,Total Retail,Overall,Msa,Edmonton,Canada,Park and Hotel,166.4,85.36,80.81,76.48,102.93,79.36,40.51,19.74
2/27/2023,Total Retail,Overall,Msa,Edmonton,Canada,Park and Hotel,147.06,106.15,105.89,62.98,101.32,64.47,21.71,120.54
2/28/2023,Total Retail,Overall,Msa,Edmonton,Canada,Park and Hotel,184.45,117.35,118.29,67.77,101.31,70.6,297.94,169.71
3/1/2023,Total Retail,Overall,Msa,Edmonton,Canada,Park and Hotel,202.34,131.95,134.86,70.95,99.93,71.6,182.21,153.95
3/2/2023,Total Retail,Overall,Msa,Edmonton,Canada,Park and Hotel,218.71,107.87,106.27,69.68,101.8,73.52,204.44,98.04
3/3/2023,Total Retail,Overall,Msa,Edmonton,Canada,Park and Hotel,174.49,133.76,134.72,57.18,100.09,57.95,56.05,85.91
3/4/2023,Total Retail,Overall,Msa,Edmonton,Canada,Park and Hotel,163.31,87.05,85.83,68.04,102.74,71.86,14.01,-9.62
3/5/2023,Total Retail,Overall,Msa,Edmonton,Canada,Park and Hotel,152.66,73.87,70.51,74.87,103.94,78.97,-4.94,-29.76
3/6/2023,Total Retail,Overall,Msa,Edmonton,Canada,Park and Hotel,118.56,80.86,81.29,57.64,101.11,59.78,9.79,54.9
3/7/2023,Total Retail,Overall,Msa,Edmonton,Canada,Park and Hotel,168.85,116.94,119.09,70.83,101.11,72.19,53.41,140.05
3/8/2023,Total Retail,Overall,Msa,Edmonton,Canada,Park and Hotel,176.51,116.98,116.02,72.42,103.74,79.72,260.74,102.8
3/9/2023,Total Retail,Overall,Msa,Edmonton,Canada,Park and Hotel,134.42,102.35,101.29,52.54,103.87,56.1,-11.49,32.26
3/10/2023,Total Retail,Overall,Msa,Edmonton,Canada,Park and Hotel,188.07,128.23,130.63,65.94,100.26,67.27,38.42,87.57
3/11/2023,Total Retail,Overall,Msa,Edmonton,Canada,Park and Hotel,131.5,96.05,97.01,59.18,99.72,59.66,-6.05,11.99
3/12/2023,Total Retail,Overall,Msa,Edmonton,Canada,Park and Hotel,131.03,72.03,71.12,72.61,107.49,77.68,-26.43,-27.12
3/13/2023,Total Retail,Overall,Msa,Edmonton,Canada,Park and Hotel,133.36,81.65,82.44,65.07,100.43,66.82,-7.28,34.79
3/14/2023,Total Retail,Overall,Msa,Edmonton,Canada,Park and Hotel,143.93,106.34,107.74,57.88,100.92,60.36,-12.09,53.02
3/15/2023,Total Retail,Overall,Msa,Edmonton,Canada,Park and Hotel,131.77,112.66,114.24,61.26,99.98,61.43,10.72,46.49
3/16/2023,Total Retail,Overall,Msa,Edmonton,Canada,Park and Hotel,159.61,115.69,117.64,64.17,100.35,67.63,-22.9,19.53
3/17/2023,Total Retail,Overall,Msa,Edmonton,Canada,Park and Hotel,199.41,130.22,133.12,70.96,99.32,70.73,56.73,43.22
3/18/2023,Total Retail,Overall,Msa,Edmonton,Canada,Park and Hotel,166.2,111.02,110,56.08,105.74,57.81,-29.58,-4.47
3/19/2023,Total Retail,Overall,Msa,Edmonton,Canada,Park and Hotel,194.89,86.66,85.11,74.1,102.7,77.73,-13.56,-25.3
3/20/2023,Total Retail,Overall,Msa,Edmonton,Canada,Park and Hotel,152.46,110.71,111.72,61.64,100.59,62.73,39.48,114.67
3/21/2023,Total Retail,Overall,Msa,Edmonton,Canada,Park and Hotel,157.8,121.29,122.9,56.59,102.58,58.14,11.36,87.64
3/22/2023,Total Retail,Overall,Msa,Edmonton,Canada,Park and Hotel,123.58,112.48,116.89,47.4,98.58,46.8,-6.17,36.45
3/23/2023,Total Retail,Overall,Msa,Edmonton,Canada,Park and Hotel,161.69,107.18,108.34,72.56,101.16,75.14,-10.52,30.55
3/24/2023,Total Retail,Overall,Msa,Edmonton,Canada,Park and Hotel,183.37,142.91,143.66,55.16,102.05,56.37,4.27,57.62
3/25/2023,Total Retail,Overall,Msa,Edmonton,Canada,Park and Hotel,200.03,136.24,133.61,58.92,102.98,63.02,35.65,63.33
3/26/2023,Total Retail,Overall,Msa,Edmonton,Canada,Park and Hotel,243.94,117.86,113.93,82.28,103.35,86.41,37.98,24.58
3/27/2023,Total Retail,Overall,Msa,Edmonton,Canada,Park and Hotel,124.69,94.37,93.06,52.98,102.69,55.54,51.93,109.43
3/28/2023,Total Retail,Overall,Msa,Edmonton,Canada,Park and Hotel,189.14,105.89,104.89,81.98,103.29,87.55,43.01,82.73
3/29/2023,Total Retail,Overall,Msa,Edmonton,Canada,Park and Hotel,146.84,113.02,112.95,64.11,101.48,65.94,71.81,65.56
3/30/2023,Total Retail,Overall,Msa,Edmonton,Canada,Park and Hotel,175.17,118.08,117.88,69.99,101.61,72.92,18.52,36.51
3/31/2023,Total Retail,Overall,Msa,Edmonton,Canada,Park and Hotel,175.79,128.79,130.01,64.07,101.64,66.17,44.22,71.11
1/1/2023,Total Retail,Overall,Msa,Edmonton,Canada,Post Secondary,69.4,111.28,102.48,46.04,108,48.62,49.91,74.08
1/2/2023,Total Retail,Overall,Msa,Edmonton,Canada,Post Secondary,66.42,85.77,86.94,44.32,99.71,44.73,21.01,1.84
1/3/2023,Total Retail,Overall,Msa,Edmonton,Canada,Post Secondary,52.31,58.84,60.62,57.93,98.62,57.15,2.34,-11.28
1/4/2023,Total Retail,Overall,Msa,Edmonton,Canada,Post Secondary,59.21,101.52,101.23,38.88,101.31,39.89,111.6,136.59
1/5/2023,Total Retail,Overall,Msa,Edmonton,Canada,Post Secondary,80.02,112.91,111.49,53.68,102.12,55.21,41.8,72.59
1/6/2023,Total Retail,Overall,Msa,Edmonton,Canada,Post Secondary,74.38,115.56,114.73,40.46,100.81,40.65,65.29,81.79
1/7/2023,Total Retail,Overall,Msa,Edmonton,Canada,Post Secondary,97.51,139.56,133.76,48.78,103.07,49.46,77.61,89.12
1/8/2023,Total Retail,Overall,Msa,Edmonton,Canada,Post Secondary,86.98,119.54,114.1,50.16,104.85,52.77,26.64,39.3
1/9/2023,Total Retail,Overall,Msa,Edmonton,Canada,Post Secondary,58.75,102.11,103.78,40.36,99.38,40.19,37.57,41.35
1/10/2023,Total Retail,Overall,Msa,Edmonton,Canada,Post Secondary,60.96,110.4,111.33,32.1,100.42,32.17,16.76,44.64
1/11/2023,Total Retail,Overall,Msa,Edmonton,Canada,Post Secondary,63.88,114.9,115.01,30.7,101.97,31.52,31.69,56.33
1/12/2023,Total Retail,Overall,Msa,Edmonton,Canada,Post Secondary,73.57,107.31,106.85,50.51,101.02,51.37,46.62,39.95
1/13/2023,Total Retail,Overall,Msa,Edmonton,Canada,Post Secondary,78.25,124.29,123.88,36.92,100.58,37.2,91.83,78.3
1/14/2023,Total Retail,Overall,Msa,Edmonton,Canada,Post Secondary,98.8,134.15,128.46,44.71,104.09,46.16,69.7,58.95
1/15/2023,Total Retail,Overall,Msa,Edmonton,Canada,Post Secondary,72.13,116.48,112.01,35.38,103.34,36.75,-7.9,17.55
1/16/2023,Total Retail,Overall,Msa,Edmonton,Canada,Post Secondary,61.07,104.04,105.44,50.93,99.9,50.77,14.8,27.81
1/17/2023,Total Retail,Overall,Msa,Edmonton,Canada,Post Secondary,64.39,115.84,115.7,34.16,101.08,34.64,100.45,103.52
1/18/2023,Total Retail,Overall,Msa,Edmonton,Canada,Post Secondary,67.28,109.22,109.42,32.49,101.13,33.1,77.94,71.77
1/19/2023,Total Retail,Overall,Msa,Edmonton,Canada,Post Secondary,75.11,124.24,124.58,34.28,100.52,34.87,61.93,81.75
1/20/2023,Total Retail,Overall,Msa,Edmonton,Canada,Post Secondary,89.09,140.63,137.36,36.58,103.08,38.49,75.6,71.5
1/21/2023,Total Retail,Overall,Msa,Edmonton,Canada,Post Secondary,103.68,143.69,138.15,41.45,104.73,43.62,73.89,82.5
1/22/2023,Total Retail,Overall,Msa,Edmonton,Canada,Post Secondary,75.32,132.92,125.44,30.71,104.8,31.9,-16.9,11.1
1/23/2023,Total Retail,Overall,Msa,Edmonton,Canada,Post Secondary,62.21,115.31,115.87,30.87,101.12,31.21,16.5,32.5
1/24/2023,Total Retail,Overall,Msa,Edmonton,Canada,Post Secondary,63.42,113.72,116.23,35.73,99.3,35.7,50.18,45.77
1/25/2023,Total Retail,Overall,Msa,Edmonton,Canada,Post Secondary,76.05,127.15,126.09,36.2,102.18,37.72,60.49,69.54
1/26/2023,Total Retail,Overall,Msa,Edmonton,Canada,Post Secondary,78.37,122.16,123.4,41.76,100.39,42.57,70.22,63.79
1/27/2023,Total Retail,Overall,Msa,Edmonton,Canada,Post Secondary,75.36,120.63,119.7,36.02,101.96,37,42,56.56
1/28/2023,Total Retail,Overall,Msa,Edmonton,Canada,Post Secondary,94.63,132.64,127.5,39.39,103.79,40.82,53.38,40.21
1/29/2023,Total Retail,Overall,Msa,Edmonton,Canada,Post Secondary,86.45,120.8,116.5,43.95,103.15,45.03,-2.31,11.19
1/30/2023,Total Retail,Overall,Msa,Edmonton,Canada,Post Secondary,57.14,107.09,108.26,28.68,100.01,28.64,0.2,8.93
1/31/2023,Total Retail,Overall,Msa,Edmonton,Canada,Post Secondary,52.36,102.44,103.64,31.94,100.24,32.06,32.38,68.42
2/1/2023,Total Retail,Overall,Msa,Edmonton,Canada,Post Secondary,51.82,103.69,104.89,28.47,100.1,28.56,47.88,124.14
2/2/2023,Total Retail,Overall,Msa,Edmonton,Canada,Post Secondary,59.72,109.84,109.64,30.58,101.38,31.06,33.16,57.86
2/3/2023,Total Retail,Overall,Msa,Edmonton,Canada,Post Secondary,90.9,139.25,138.58,37.43,100.8,37.77,107.05,89.09
2/4/2023,Total Retail,Overall,Msa,Edmonton,Canada,Post Secondary,97.15,132.58,128.34,41.83,103.18,43.46,48.67,44.98
2/5/2023,Total Retail,Overall,Msa,Edmonton,Canada,Post Secondary,74.3,123.12,118.96,33.98,103.92,35.46,2.61,29.52
2/6/2023,Total Retail,Overall,Msa,Edmonton,Canada,Post Secondary,50.73,101.47,101.36,31.65,100.84,31.88,0.21,9.21
2/7/2023,Total Retail,Overall,Msa,Edmonton,Canada,Post Secondary,41.62,85.86,87.58,28.92,99.4,28.78,7.54,14.41
2/8/2023,Total Retail,Overall,Msa,Edmonton,Canada,Post Secondary,67.22,113.19,113.09,36.17,101.22,36.79,23,30.97
2/9/2023,Total Retail,Overall,Msa,Edmonton,Canada,Post Secondary,60.75,121.68,121.19,27.12,101.53,27.55,5.47,33.18
2/10/2023,Total Retail,Overall,Msa,Edmonton,Canada,Post Secondary,92.84,129.55,129.09,47.2,101.29,47.87,85.53,68.34
2/11/2023,Total Retail,Overall,Msa,Edmonton,Canada,Post Secondary,120.23,154.13,149.25,43.26,103.98,44.82,41.19,47.57
2/12/2023,Total Retail,Overall,Msa,Edmonton,Canada,Post Secondary,78.88,136.22,129.62,28.79,106.37,30.83,-0.74,21.31
2/13/2023,Total Retail,Overall,Msa,Edmonton,Canada,Post Secondary,65.91,121.19,122.44,35.51,100.24,35.41,-6.89,17.37
2/14/2023,Total Retail,Overall,Msa,Edmonton,Canada,Post Secondary,55.01,102.34,105.08,33.66,98.89,33.34,16.19,30.75
2/15/2023,Total Retail,Overall,Msa,Edmonton,Canada,Post Secondary,68.82,133.13,133.08,30.14,101.13,30.47,26.92,80.93
2/16/2023,Total Retail,Overall,Msa,Edmonton,Canada,Post Secondary,73.43,134.35,134.77,32.34,101.18,33.08,37.68,80.84
2/17/2023,Total Retail,Overall,Msa,Edmonton,Canada,Post Secondary,101.83,145.77,139.24,40.25,104.35,41.87,87.5,72.29
2/18/2023,Total Retail,Overall,Msa,Edmonton,Canada,Post Secondary,91.97,130.45,125.08,42.85,103.43,43.77,35.29,50.65
2/19/2023,Total Retail,Overall,Msa,Edmonton,Canada,Post Secondary,83.87,129.27,123.03,34.39,104.13,35.73,-19.58,11.2
2/20/2023,Total Retail,Overall,Msa,Edmonton,Canada,Post Secondary,68.08,114.87,112.1,29.97,103.3,30.89,-10.33,10.42
2/21/2023,Total Retail,Overall,Msa,Edmonton,Canada,Post Secondary,66.27,103.43,101.24,41.73,101.59,42.53,11.51,27.55
2/22/2023,Total Retail,Overall,Msa,Edmonton,Canada,Post Secondary,59.22,92.1,92.37,40.21,102.36,41.54,22.9,36.13
2/23/2023,Total Retail,Overall,Msa,Edmonton,Canada,Post Secondary,58.18,85.66,86.25,45.81,100.5,46.09,14.93,15.04
2/24/2023,Total Retail,Overall,Msa,Edmonton,Canada,Post Secondary,69.82,106.62,104.83,38.73,102.21,39.31,56.62,50.79
2/25/2023,Total Retail,Overall,Msa,Edmonton,Canada,Post Secondary,100.55,144.67,137.93,40.84,103.72,42.09,41.26,50.66
2/26/2023,Total Retail,Overall,Msa,Edmonton,Canada,Post Secondary,86.54,127.03,121.99,43.75,103.49,44.73,3.05,12.83
2/27/2023,Total Retail,Overall,Msa,Edmonton,Canada,Post Secondary,86.69,131.92,130.4,39.78,101.51,41.11,66.7,45.7
2/28/2023,Total Retail,Overall,Msa,Edmonton,Canada,Post Secondary,82.14,114.87,114.25,42.7,102.5,44.59,63.1,38.47
3/1/2023,Total Retail,Overall,Msa,Edmonton,Canada,Post Secondary,77.57,124.44,124.27,35.4,101.69,36.55,68.96,87.26
3/2/2023,Total Retail,Overall,Msa,Edmonton,Canada,Post Secondary,75.32,137.3,135.71,31.47,102.84,32.77,52.96,66.2
3/3/2023,Total Retail,Overall,Msa,Edmonton,Canada,Post Secondary,95.48,155.41,153.8,34.42,101.55,35.12,89.59,102.96
3/4/2023,Total Retail,Overall,Msa,Edmonton,Canada,Post Secondary,110.85,147.84,140.07,44.64,105.09,47.2,75.74,45.14
3/5/2023,Total Retail,Overall,Msa,Edmonton,Canada,Post Secondary,86.22,127.69,122.63,39.58,104.01,41.76,5.3,22.53
3/6/2023,Total Retail,Overall,Msa,Edmonton,Canada,Post Secondary,56.85,105.48,105.72,32.69,100.79,32.85,-26.37,-8.57
3/7/2023,Total Retail,Overall,Msa,Edmonton,Canada,Post Secondary,49,90.54,91.75,33.65,100.15,33.84,11.15,11.66
3/8/2023,Total Retail,Overall,Msa,Edmonton,Canada,Post Secondary,56.71,117.26,116.7,31.17,102.07,31.92,4.04,36.67
3/9/2023,Total Retail,Overall,Msa,Edmonton,Canada,Post Secondary,69.63,114.99,115.18,37.71,102.47,39.11,10.29,8.71
3/10/2023,Total Retail,Overall,Msa,Edmonton,Canada,Post Secondary,75.84,123.41,122.87,34.35,100.84,34.67,28.48,38.7
3/11/2023,Total Retail,Overall,Msa,Edmonton,Canada,Post Secondary,113.61,156.92,148.42,43.99,104.74,46.29,39.43,35.01
3/12/2023,Total Retail,Overall,Msa,Edmonton,Canada,Post Secondary,79.78,125.42,120.39,37.39,103.78,39,-2.49,11.7
3/13/2023,Total Retail,Overall,Msa,Edmonton,Canada,Post Secondary,60.46,115.04,114.58,31.32,101.57,31.74,-17.65,1.24
3/14/2023,Total Retail,Overall,Msa,Edmonton,Canada,Post Secondary,75.26,129.23,128.43,36.54,101.07,36.85,34.36,57.47
3/15/2023,Total Retail,Overall,Msa,Edmonton,Canada,Post Secondary,81.48,127.72,129.22,40.99,100.3,41.45,34.98,26.13
3/16/2023,Total Retail,Overall,Msa,Edmonton,Canada,Post Secondary,80.28,130.61,131.01,37.41,100.82,38.23,24.11,21.34
3/17/2023,Total Retail,Overall,Msa,Edmonton,Canada,Post Secondary,78.96,136.1,132.39,34.33,102.78,35.16,7.11,6.29
3/18/2023,Total Retail,Overall,Msa,Edmonton,Canada,Post Secondary,102.41,140.67,133.64,41.95,104.88,43.53,19.06,7.92
3/19/2023,Total Retail,Overall,Msa,Edmonton,Canada,Post Secondary,85.42,146.07,140.3,33.79,103.75,34.82,11.54,30.28
3/20/2023,Total Retail,Overall,Msa,Edmonton,Canada,Post Secondary,73,127.97,126.25,37.48,101.64,37.73,19.69,16.36
3/21/2023,Total Retail,Overall,Msa,Edmonton,Canada,Post Secondary,68.67,122.02,123.19,37.37,100.29,37.84,24.42,23.26
3/22/2023,Total Retail,Overall,Msa,Edmonton,Canada,Post Secondary,82.69,128.98,128.27,41.59,101.16,42.09,51.36,29.34
3/23/2023,Total Retail,Overall,Msa,Edmonton,Canada,Post Secondary,85.52,136.73,135.85,39.43,101.45,40.42,20.19,35.02
3/24/2023,Total Retail,Overall,Msa,Edmonton,Canada,Post Secondary,89.47,144.05,143.22,34.71,101.36,35.2,37.89,43.91
3/25/2023,Total Retail,Overall,Msa,Edmonton,Canada,Post Secondary,111.51,147.64,144.05,50.25,102.87,51.77,46.16,20.47
3/26/2023,Total Retail,Overall,Msa,Edmonton,Canada,Post Secondary,89,144.16,138.28,34.25,102.89,35.12,-5.97,11.2
3/27/2023,Total Retail,Overall,Msa,Edmonton,Canada,Post Secondary,60.96,114.24,113.24,39.35,101.74,40.42,-16.46,-5.21
3/28/2023,Total Retail,Overall,Msa,Edmonton,Canada,Post Secondary,65.83,115.16,115.66,36.16,101.37,37.26,21.65,24.49
3/29/2023,Total Retail,Overall,Msa,Edmonton,Canada,Post Secondary,67.17,129.71,130.12,30.83,101.17,31.58,6.11,29.3
3/30/2023,Total Retail,Overall,Msa,Edmonton,Canada,Post Secondary,91.18,130.07,128.06,42.95,101.99,44.31,31.78,31.16
3/31/2023,Total Retail,Overall,Msa,Edmonton,Canada,Post Secondary,106.49,135.51,134.31,49.96,101.49,50.85,48.12,31.39
